Ticker,Reason,model,feature_set
SMDS.L,No price data found,,
ASR.L,No price data found,,
CINE.L,No price data found,,
DARK.L,No price data found,,
EKT.L,No price data found,,
GIL.L,No price data found,,
SPT.L,No price data found,,
UBM.L,No price data found,,
SXS.L,No price data found,,
MMC,No price data found,,
DFS,No price data found,,
DPW.DE,No price data found,,
STLA.PA,No price data found,,
DSM.AS,No price data found,,
STM.MI,No price data found,,
EQUINOR.OL,No price data found,,
AIB.IR,No price data found,,
PROSUS.AS,No price data found,,
EDF.PA,No price data found,,
JDE.AS,No price data found,,
REE.MC,No price data found,,
WHR.L,No price data found,,
PCH,No price data found,,
AHT.L,No price data found,,
PHNX.L,No price data found,,
CFLT,No price data found,,
ROG.SW,No price data found,,
AAPL,No price data found,,
MSFT,No price data found,,
GOOGL,No price data found,,
AMZN,No price data found,,
META,No price data found,,
NVDA,No price data found,,
TSLA,No price data found,,
AMD,No price data found,,
NFLX,No price data found,,
INTC,No price data found,,
TSCO.L,No price data found,,
SHEL.L,No price data found,,
AZN.L,No price data found,,
HSBA.L,No price data found,,
ULVR.L,No price data found,,
REL.L,No price data found,,
BP.L,No price data found,,
GSK.L,No price data found,,
LSEG.L,No price data found,,
RIO.L,No price data found,,
AAL.L,No price data found,,
ABF.L,No price data found,,
ADM.L,No price data found,,
ANTO.L,No price data found,,
AUTO.L,No price data found,,
AV.L,No price data found,,
BA.L,No price data found,,
BARC.L,No price data found,,
BATS.L,No price data found,,
BHP.L,No price data found,,
BT-A.L,No price data found,,
BNZL.L,No price data found,,
CCL.L,No price data found,,
CNA.L,No price data found,,
CPG.L,No price data found,,
CRDA.L,No price data found,,
DCC.L,No price data found,,
DGE.L,No price data found,,
EDV.L,No price data found,,
ENT.L,No price data found,,
EXPN.L,No price data found,,
FERG.L,No price data found,,
FLTR.L,No price data found,,
FRES.L,No price data found,,
GLEN.L,No price data found,,
HLMA.L,No price data found,,
HLN.L,No price data found,,
IAG.L,No price data found,,
IHG.L,No price data found,,
IMB.L,No price data found,,
INF.L,No price data found,,
ITRK.L,No price data found,,
JD.L,No price data found,,
KGF.L,No price data found,,
LAND.L,No price data found,,
LGEN.L,No price data found,,
LLOY.L,No price data found,,
MKS.L,No price data found,,
MNDI.L,No price data found,,
NG.L,No price data found,,
NWG.L,No price data found,,
NXT.L,No price data found,,
OCDO.L,No price data found,,
PSON.L,No price data found,,
PSN.L,No price data found,,
PRU.L,No price data found,,
RKT.L,No price data found,,
RMV.L,No price data found,,
RR.L,No price data found,,
RTO.L,No price data found,,
SBRY.L,No price data found,,
SDR.L,No price data found,,
SGE.L,No price data found,,
SGRO.L,No price data found,,
SMIN.L,No price data found,,
SMT.L,No price data found,,
SN.L,No price data found,,
SPX.L,No price data found,,
SSE.L,No price data found,,
STAN.L,No price data found,,
STJ.L,No price data found,,
SVT.L,No price data found,,
TW.L,No price data found,,
UU.L,No price data found,,
VOD.L,No price data found,,
WEIR.L,No price data found,,
WPP.L,No price data found,,
WTB.L,No price data found,,
BKG.L,No price data found,,
CRH.L,No price data found,,
HSX.L,No price data found,,
III.L,No price data found,,
WOSG.L,No price data found,,
CCH.L,No price data found,,
BAB.L,No price data found,,
HWDN.L,No price data found,,
AJB.L,No price data found,,
ALFA.L,No price data found,,
BBY.L,No price data found,,
BME.L,No price data found,,
BTRW.L,No price data found,,
BYG.L,No price data found,,
CAML.L,No price data found,,
CCC.L,No price data found,,
CLDN.L,No price data found,,
CMCX.L,No price data found,,
CTEC.L,No price data found,,
DOM.L,No price data found,,
DRX.L,No price data found,,
EMG.L,No price data found,,
ENOG.L,No price data found,,
FCIT.L,No price data found,,
FGP.L,No price data found,,
FRAS.L,No price data found,,
FSV.L,No price data found,,
FUTR.L,No price data found,,
GFRD.L,No price data found,,
GFTU.L,No price data found,,
GNS.L,No price data found,,
GPE.L,No price data found,,
GRG.L,No price data found,,
HAS.L,No price data found,,
HMSO.L,No price data found,,
IBST.L,No price data found,,
INCH.L,No price data found,,
IPF.L,No price data found,,
JAM.L,No price data found,,
JMAT.L,No price data found,,
KLR.L,No price data found,,
LMP.L,No price data found,,
LRE.L,No price data found,,
MCG.L,No price data found,,
MRO.L,No price data found,,
MSLH.L,No price data found,,
OXIG.L,No price data found,,
PAG.L,No price data found,,
PIN.L,No price data found,,
PNN.L,No price data found,,
QQ.L,No price data found,,
RS1.L,No price data found,,
SAFE.L,No price data found,,
SCT.L,No price data found,,
SDY.L,No price data found,,
SHC.L,No price data found,,
SSPG.L,No price data found,,
STB.L,No price data found,,
TATE.L,No price data found,,
TEP.L,No price data found,,
TRN.L,No price data found,,
VTY.L,No price data found,,
WIZZ.L,No price data found,,
WKP.L,No price data found,,
XPS.L,No price data found,,
RCP.L,No price data found,,
INVP.L,No price data found,,
JMG.L,No price data found,,
PCIP.L,No price data found,,
BOY.L,No price data found,,
BMY.L,No price data found,,
FOUR.L,No price data found,,
GEN.L,No price data found,,
HRI.L,No price data found,,
IHP.L,No price data found,,
JTC.L,No price data found,,
KIE.L,No price data found,,
LIO.L,No price data found,,
MERC.L,No price data found,,
NCC.L,No price data found,,
PAY.L,No price data found,,
PSH.L,No price data found,,
QTX.L,No price data found,,
RCH.L,No price data found,,
ROR.L,No price data found,,
TBCG.L,No price data found,,
TFIF.L,No price data found,,
TPK.L,No price data found,,
AVGO,No price data found,,
ORCL,No price data found,,
ADBE,No price data found,,
CRM,No price data found,,
CSCO,No price data found,,
QCOM,No price data found,,
TXN,No price data found,,
AMAT,No price data found,,
NOW,No price data found,,
INTU,No price data found,,
JPM,No price data found,,
BAC,No price data found,,
WFC,No price data found,,
GS,No price data found,,
MS,No price data found,,
BLK,No price data found,,
C,No price data found,,
SCHW,No price data found,,
AXP,No price data found,,
USB,No price data found,,
PNC,No price data found,,
BK,No price data found,,
TFC,No price data found,,
SPGI,No price data found,,
ICE,No price data found,,
CME,No price data found,,
AON,No price data found,,
CB,No price data found,,
PGR,No price data found,,
JNJ,No price data found,,
PFE,No price data found,,
MRK,No price data found,,
LLY,No price data found,,
ABBV,No price data found,,
TMO,No price data found,,
DHR,No price data found,,
UNH,No price data found,,
CVS,No price data found,,
BMY,No price data found,,
AMGN,No price data found,,
GILD,No price data found,,
ISRG,No price data found,,
MDT,No price data found,,
SYK,No price data found,,
BSX,No price data found,,
CI,No price data found,,
ZTS,No price data found,,
VRTX,No price data found,,
REGN,No price data found,,
PG,No price data found,,
KO,No price data found,,
PEP,No price data found,,
COST,No price data found,,
WMT,No price data found,,
HD,No price data found,,
MCD,No price data found,,
NKE,No price data found,,
SBUX,No price data found,,
LOW,No price data found,,
TGT,No price data found,,
EL,No price data found,,
CL,No price data found,,
KMB,No price data found,,
GIS,No price data found,,
KHC,No price data found,,
MO,No price data found,,
PM,No price data found,,
MDLZ,No price data found,,
MNST,No price data found,,
XOM,No price data found,,
CVX,No price data found,,
COP,No price data found,,
SLB,No price data found,,
EOG,No price data found,,
MPC,No price data found,,
PSX,No price data found,,
VLO,No price data found,,
OXY,No price data found,,
KMI,No price data found,,
CAT,No price data found,,
DE,No price data found,,
GE,No price data found,,
HON,No price data found,,
BA,No price data found,,
MMM,No price data found,,
ETN,No price data found,,
EMR,No price data found,,
PH,No price data found,,
LMT,No price data found,,
RTX,No price data found,,
GD,No price data found,,
NOC,No price data found,,
UNP,No price data found,,
CSX,No price data found,,
NSC,No price data found,,
FDX,No price data found,,
UPS,No price data found,,
WM,No price data found,,
ITW,No price data found,,
DIS,No price data found,,
CMCSA,No price data found,,
VZ,No price data found,,
T,No price data found,,
TMUS,No price data found,,
CHTR,No price data found,,
FOXA,No price data found,,
FOX,No price data found,,
WBD,No price data found,,
UBER,No price data found,,
PYPL,No price data found,,
SHOP,No price data found,,
SNOW,No price data found,,
PLTR,No price data found,,
ABNB,No price data found,,
BKNG,No price data found,,
RCL,No price data found,,
MAR,No price data found,,
HLT,No price data found,,
CMG,No price data found,,
YUM,No price data found,,
ROST,No price data found,,
TJX,No price data found,,
ORLY,No price data found,,
AZO,No price data found,,
EBAY,No price data found,,
DASH,No price data found,,
EXPE,No price data found,,
LYV,No price data found,,
V,No price data found,,
MA,No price data found,,
BRK-B,No price data found,,
BX,No price data found,,
KKR,No price data found,,
APO,No price data found,,
ARES,No price data found,,
COF,No price data found,,
IBM,No price data found,,
MU,No price data found,,
ADI,No price data found,,
LRCX,No price data found,,
KLAC,No price data found,,
MCHP,No price data found,,
ANET,No price data found,,
PANW,No price data found,,
CRWD,No price data found,,
FTNT,No price data found,,
DDOG,No price data found,,
SNPS,No price data found,,
CDNS,No price data found,,
TEAM,No price data found,,
WDAY,No price data found,,
MDB,No price data found,,
NET,No price data found,,
ZS,No price data found,,
FICO,No price data found,,
GDDY,No price data found,,
LULU,No price data found,,
ROKU,No price data found,,
DOCU,No price data found,,
OKTA,No price data found,,
ESTC,No price data found,,
BILL,No price data found,,
AFRM,No price data found,,
SOFI,No price data found,,
HOOD,No price data found,,
APP,No price data found,,
HUBS,No price data found,,
TWLO,No price data found,,
U,No price data found,,
ZM,No price data found,,
RBLX,No price data found,,
S,No price data found,,
PINS,No price data found,,
ETSY,No price data found,,
HWM,No price data found,,
MTD,No price data found,,
WAB,No price data found,,
HEI,No price data found,,
GGG,No price data found,,
XYL,No price data found,,
IEX,No price data found,,
IR,No price data found,,
RPM,No price data found,,
MAS,No price data found,,
NVR,No price data found,,
LEN,No price data found,,
DHI,No price data found,,
PHM,No price data found,,
BLDR,No price data found,,
KBH,No price data found,,
MTH,No price data found,,
TOL,No price data found,,
CCS,No price data found,,
EW,No price data found,,
PODD,No price data found,,
ALGN,No price data found,,
BIIB,No price data found,,
ILMN,No price data found,,
RMD,No price data found,,
TECH,No price data found,,
MOH,No price data found,,
UHS,No price data found,,
THC,No price data found,,
FSLR,No price data found,,
ENPH,No price data found,,
SEDG,No price data found,,
NEE,No price data found,,
AEP,No price data found,,
XEL,No price data found,,
CMS,No price data found,,
EIX,No price data found,,
DTE,No price data found,,
WEC,No price data found,,
CBOE,No price data found,,
MCO,No price data found,,
NDAQ,No price data found,,
MKTX,No price data found,,
RJF,No price data found,,
BEN,No price data found,,
AMP,No price data found,,
STT,No price data found,,
NTRS,No price data found,,
FITB,No price data found,,
KDP,No price data found,,
SJM,No price data found,,
CPB,No price data found,,
HRL,No price data found,,
MKC,No price data found,,
CAG,No price data found,,
LW,No price data found,,
BG,No price data found,,
ADM,No price data found,,
TSN,No price data found,,
ON,No price data found,,
MPWR,No price data found,,
TER,No price data found,,
SWKS,No price data found,,
QRVO,No price data found,,
ENTG,No price data found,,
OLED,No price data found,,
GLW,No price data found,,
STX,No price data found,,
WDC,No price data found,,
DECK,No price data found,,
RL,No price data found,,
PVH,No price data found,,
UAA,No price data found,,
AEO,No price data found,,
ANF,No price data found,,
M,No price data found,,
KSS,No price data found,,
BURL,No price data found,,
URBN,No price data found,,
CHRW,No price data found,,
JBHT,No price data found,,
EXPD,No price data found,,
SAIA,No price data found,,
ODFL,No price data found,,
LSTR,No price data found,,
RXO,No price data found,,
GXO,No price data found,,
XPO,No price data found,,
MATX,No price data found,,
LYB,No price data found,,
CF,No price data found,,
MOS,No price data found,,
ALB,No price data found,,
FMC,No price data found,,
CE,No price data found,,
EMN,No price data found,,
IP,No price data found,,
PKG,No price data found,,
BALL,No price data found,,
WY,No price data found,,
RYN,No price data found,,
VICI,No price data found,,
O,No price data found,,
DLR,No price data found,,
ARE,No price data found,,
BXP,No price data found,,
AVB,No price data found,,
EQR,No price data found,,
SAP.DE,No price data found,,
SIE.DE,No price data found,,
ALV.DE,No price data found,,
BAS.DE,No price data found,,
BAYN.DE,No price data found,,
BMW.DE,No price data found,,
DBK.DE,No price data found,,
DTE.DE,No price data found,,
ADS.DE,No price data found,,
IFX.DE,No price data found,,
LIN.DE,No price data found,,
MRK.DE,No price data found,,
MUV2.DE,No price data found,,
RWE.DE,No price data found,,
VOW3.DE,No price data found,,
ZAL.DE,No price data found,,
HEN3.DE,No price data found,,
FRE.DE,No price data found,,
FME.DE,No price data found,,
HEI.DE,No price data found,,
CON.DE,No price data found,,
AIR.DE,No price data found,,
MTX.DE,No price data found,,
PUM.DE,No price data found,,
MC.PA,No price data found,,
OR.PA,No price data found,,
TTE.PA,No price data found,,
SAN.PA,No price data found,,
AIR.PA,No price data found,,
BNP.PA,No price data found,,
GLE.PA,No price data found,,
ACA.PA,No price data found,,
ENGI.PA,No price data found,,
RI.PA,No price data found,,
KER.PA,No price data found,,
CAP.PA,No price data found,,
SU.PA,No price data found,,
DG.PA,No price data found,,
EL.PA,No price data found,,
VIE.PA,No price data found,,
ORA.PA,No price data found,,
HO.PA,No price data found,,
ML.PA,No price data found,,
LR.PA,No price data found,,
WLN.PA,No price data found,,
ATO.PA,No price data found,,
DSY.PA,No price data found,,
PUB.PA,No price data found,,
ASML.AS,No price data found,,
INGA.AS,No price data found,,
AD.AS,No price data found,,
PHIA.AS,No price data found,,
PRX.AS,No price data found,,
HEIA.AS,No price data found,,
WKL.AS,No price data found,,
MT.AS,No price data found,,
NESN.SW,No price data found,,
NOVN.SW,No price data found,,
UBSG.SW,No price data found,,
ZURN.SW,No price data found,,
ABBN.SW,No price data found,,
LONN.SW,No price data found,,
SIKA.SW,No price data found,,
GIVN.SW,No price data found,,
IBE.MC,No price data found,,
SAN.MC,No price data found,,
BBVA.MC,No price data found,,
ITX.MC,No price data found,,
TEF.MC,No price data found,,
REP.MC,No price data found,,
ACS.MC,No price data found,,
FER.MC,No price data found,,
AENA.MC,No price data found,,
AMS.MC,No price data found,,
ENI.MI,No price data found,,
ISP.MI,No price data found,,
UCG.MI,No price data found,,
ENEL.MI,No price data found,,
PST.MI,No price data found,,
LDO.MI,No price data found,,
SRG.MI,No price data found,,
TRN.MI,No price data found,,
ATCO-A.ST,No price data found,,
VOLV-B.ST,No price data found,,
ERIC-B.ST,No price data found,,
ABB.ST,No price data found,,
SEB-A.ST,No price data found,,
SWED-A.ST,No price data found,,
SAND.ST,No price data found,,
NOVO-B.CO,No price data found,,
DSV.CO,No price data found,,
MAERSK-B.CO,No price data found,,
CARL-B.CO,No price data found,,
ORSTED.CO,No price data found,,
VWS.CO,No price data found,,
NOKIA.HE,No price data found,,
KNEBV.HE,No price data found,,
FORTUM.HE,No price data found,,
UPM.HE,No price data found,,
NESTE.HE,No price data found,,
DNB.OL,No price data found,,
TEL.OL,No price data found,,
YAR.OL,No price data found,,
MOWI.OL,No price data found,,
ABI.BR,No price data found,,
UCB.BR,No price data found,,
SOLB.BR,No price data found,,
KBC.BR,No price data found,,
OMV.VI,No price data found,,
EBS.VI,No price data found,,
VOE.VI,No price data found,,
EDP.LS,No price data found,,
GALP.LS,No price data found,,
RYA.IR,No price data found,,
PKN.WA,No price data found,,
PKO.WA,No price data found,,
PZU.WA,No price data found,,
CDR.WA,No price data found,,
CEZ.PR,No price data found,,
ADYEN.AS,No price data found,,
EVO.ST,No price data found,,
BEI.DE,No price data found,,
LEG.DE,No price data found,,
KGX.DE,No price data found,,
SRT3.DE,No price data found,,
TKA.DE,No price data found,,
BN.PA,No price data found,,
VK.PA,No price data found,,
SW.PA,No price data found,,
IPN.PA,No price data found,,
OCI.AS,No price data found,,
BESI.AS,No price data found,,
SCMN.SW,No price data found,,
LOGN.SW,No price data found,,
VIS.MC,No price data found,,
DIA.MI,No price data found,,
SSAB-A.ST,No price data found,,
TEL2-B.ST,No price data found,,
TRYG.CO,No price data found,,
DEMANT.CO,No price data found,,
ELISA.HE,No price data found,,
METSO.HE,No price data found,,
AAL.L,No price data found,xgboost,base
ABF.L,No price data found,xgboost,base
ADM.L,No price data found,xgboost,base
AHT.L,No price data found,xgboost,base
ANTO.L,No price data found,xgboost,base
AUTO.L,No price data found,xgboost,base
AV.L,No price data found,xgboost,base
AZN.L,No price data found,xgboost,base
BA.L,No price data found,xgboost,base
BARC.L,No price data found,xgboost,base
BATS.L,No price data found,xgboost,base
BHP.L,No price data found,xgboost,base
BP.L,No price data found,xgboost,base
BT-A.L,No price data found,xgboost,base
BNZL.L,No price data found,xgboost,base
CCL.L,No price data found,xgboost,base
CNA.L,No price data found,xgboost,base
CPG.L,No price data found,xgboost,base
CRDA.L,No price data found,xgboost,base
DCC.L,No price data found,xgboost,base
DGE.L,No price data found,xgboost,base
EDV.L,No price data found,xgboost,base
ENT.L,No price data found,xgboost,base
EXPN.L,No price data found,xgboost,base
FERG.L,No price data found,xgboost,base
FLTR.L,No price data found,xgboost,base
FRES.L,No price data found,xgboost,base
GLEN.L,No price data found,xgboost,base
GSK.L,No price data found,xgboost,base
HLMA.L,No price data found,xgboost,base
HLN.L,No price data found,xgboost,base
HSBA.L,No price data found,xgboost,base
IAG.L,No price data found,xgboost,base
IHG.L,No price data found,xgboost,base
IMB.L,No price data found,xgboost,base
INF.L,No price data found,xgboost,base
ITRK.L,No price data found,xgboost,base
JD.L,No price data found,xgboost,base
KGF.L,No price data found,xgboost,base
LAND.L,No price data found,xgboost,base
LGEN.L,No price data found,xgboost,base
LLOY.L,No price data found,xgboost,base
LSEG.L,No price data found,xgboost,base
MKS.L,No price data found,xgboost,base
MNDI.L,No price data found,xgboost,base
NG.L,No price data found,xgboost,base
NWG.L,No price data found,xgboost,base
NXT.L,No price data found,xgboost,base
OCDO.L,No price data found,xgboost,base
PSON.L,No price data found,xgboost,base
AAPL,No price data found,xgboost,base
MSFT,No price data found,xgboost,base
GOOGL,No price data found,xgboost,base
AMZN,No price data found,xgboost,base
META,No price data found,xgboost,base
NVDA,No price data found,xgboost,base
TSLA,No price data found,xgboost,base
AMD,No price data found,xgboost,base
NFLX,No price data found,xgboost,base
INTC,No price data found,xgboost,base
AVGO,No price data found,xgboost,base
ORCL,No price data found,xgboost,base
ADBE,No price data found,xgboost,base
CRM,No price data found,xgboost,base
CSCO,No price data found,xgboost,base
QCOM,No price data found,xgboost,base
TXN,No price data found,xgboost,base
AMAT,No price data found,xgboost,base
NOW,No price data found,xgboost,base
INTU,No price data found,xgboost,base
JPM,No price data found,xgboost,base
BAC,No price data found,xgboost,base
WFC,No price data found,xgboost,base
GS,No price data found,xgboost,base
MS,No price data found,xgboost,base
BLK,No price data found,xgboost,base
C,No price data found,xgboost,base
SCHW,No price data found,xgboost,base
AXP,No price data found,xgboost,base
USB,No price data found,xgboost,base
PNC,No price data found,xgboost,base
BK,No price data found,xgboost,base
TFC,No price data found,xgboost,base
MMC,No price data found,xgboost,base
SPGI,No price data found,xgboost,base
ICE,No price data found,xgboost,base
CME,No price data found,xgboost,base
AON,No price data found,xgboost,base
CB,No price data found,xgboost,base
PGR,No price data found,xgboost,base
JNJ,No price data found,xgboost,base
PFE,No price data found,xgboost,base
MRK,No price data found,xgboost,base
LLY,No price data found,xgboost,base
ABBV,No price data found,xgboost,base
TMO,No price data found,xgboost,base
DHR,No price data found,xgboost,base
UNH,No price data found,xgboost,base
CVS,No price data found,xgboost,base
BMY,No price data found,xgboost,base
SAP.DE,No price data found,xgboost,base
SIE.DE,No price data found,xgboost,base
ALV.DE,No price data found,xgboost,base
BAS.DE,No price data found,xgboost,base
BAYN.DE,No price data found,xgboost,base
BMW.DE,No price data found,xgboost,base
DBK.DE,No price data found,xgboost,base
DPW.DE,No price data found,xgboost,base
DTE.DE,No price data found,xgboost,base
ADS.DE,No price data found,xgboost,base
IFX.DE,No price data found,xgboost,base
LIN.DE,No price data found,xgboost,base
MRK.DE,No price data found,xgboost,base
MUV2.DE,No price data found,xgboost,base
RWE.DE,No price data found,xgboost,base
VOW3.DE,No price data found,xgboost,base
ZAL.DE,No price data found,xgboost,base
HEN3.DE,No price data found,xgboost,base
FRE.DE,No price data found,xgboost,base
FME.DE,No price data found,xgboost,base
HEI.DE,No price data found,xgboost,base
CON.DE,No price data found,xgboost,base
AIR.DE,No price data found,xgboost,base
MTX.DE,No price data found,xgboost,base
PUM.DE,No price data found,xgboost,base
MC.PA,No price data found,xgboost,base
OR.PA,No price data found,xgboost,base
TTE.PA,No price data found,xgboost,base
SAN.PA,No price data found,xgboost,base
AIR.PA,No price data found,xgboost,base
BNP.PA,No price data found,xgboost,base
GLE.PA,No price data found,xgboost,base
ACA.PA,No price data found,xgboost,base
ENGI.PA,No price data found,xgboost,base
RI.PA,No price data found,xgboost,base
KER.PA,No price data found,xgboost,base
CAP.PA,No price data found,xgboost,base
SU.PA,No price data found,xgboost,base
DG.PA,No price data found,xgboost,base
EL.PA,No price data found,xgboost,base
VIE.PA,No price data found,xgboost,base
ORA.PA,No price data found,xgboost,base
HO.PA,No price data found,xgboost,base
STLA.PA,No price data found,xgboost,base
ML.PA,No price data found,xgboost,base
LR.PA,No price data found,xgboost,base
WLN.PA,No price data found,xgboost,base
ATO.PA,No price data found,xgboost,base
DSY.PA,No price data found,xgboost,base
PUB.PA,No price data found,xgboost,base
AAL.L,No price data found,xgboost,interactions
ABF.L,No price data found,xgboost,interactions
ADM.L,No price data found,xgboost,interactions
AHT.L,No price data found,xgboost,interactions
ANTO.L,No price data found,xgboost,interactions
AUTO.L,No price data found,xgboost,interactions
AV.L,No price data found,xgboost,interactions
AZN.L,No price data found,xgboost,interactions
BA.L,No price data found,xgboost,interactions
BARC.L,No price data found,xgboost,interactions
BATS.L,No price data found,xgboost,interactions
BHP.L,No price data found,xgboost,interactions
BP.L,No price data found,xgboost,interactions
BT-A.L,No price data found,xgboost,interactions
BNZL.L,No price data found,xgboost,interactions
CCL.L,No price data found,xgboost,interactions
CNA.L,No price data found,xgboost,interactions
CPG.L,No price data found,xgboost,interactions
CRDA.L,No price data found,xgboost,interactions
DCC.L,No price data found,xgboost,interactions
DGE.L,No price data found,xgboost,interactions
EDV.L,No price data found,xgboost,interactions
ENT.L,No price data found,xgboost,interactions
EXPN.L,No price data found,xgboost,interactions
FERG.L,No price data found,xgboost,interactions
FLTR.L,No price data found,xgboost,interactions
FRES.L,No price data found,xgboost,interactions
GLEN.L,No price data found,xgboost,interactions
GSK.L,No price data found,xgboost,interactions
HLMA.L,No price data found,xgboost,interactions
HLN.L,No price data found,xgboost,interactions
HSBA.L,No price data found,xgboost,interactions
IAG.L,No price data found,xgboost,interactions
IHG.L,No price data found,xgboost,interactions
IMB.L,No price data found,xgboost,interactions
INF.L,No price data found,xgboost,interactions
ITRK.L,No price data found,xgboost,interactions
JD.L,No price data found,xgboost,interactions
KGF.L,No price data found,xgboost,interactions
LAND.L,No price data found,xgboost,interactions
LGEN.L,No price data found,xgboost,interactions
LLOY.L,No price data found,xgboost,interactions
LSEG.L,No price data found,xgboost,interactions
MKS.L,No price data found,xgboost,interactions
MNDI.L,No price data found,xgboost,interactions
NG.L,No price data found,xgboost,interactions
NWG.L,No price data found,xgboost,interactions
NXT.L,No price data found,xgboost,interactions
OCDO.L,No price data found,xgboost,interactions
PSON.L,No price data found,xgboost,interactions
AAPL,No price data found,xgboost,interactions
MSFT,No price data found,xgboost,interactions
GOOGL,No price data found,xgboost,interactions
AMZN,No price data found,xgboost,interactions
META,No price data found,xgboost,interactions
NVDA,No price data found,xgboost,interactions
TSLA,No price data found,xgboost,interactions
AMD,No price data found,xgboost,interactions
NFLX,No price data found,xgboost,interactions
INTC,No price data found,xgboost,interactions
AVGO,No price data found,xgboost,interactions
ORCL,No price data found,xgboost,interactions
ADBE,No price data found,xgboost,interactions
CRM,No price data found,xgboost,interactions
CSCO,No price data found,xgboost,interactions
QCOM,No price data found,xgboost,interactions
TXN,No price data found,xgboost,interactions
AMAT,No price data found,xgboost,interactions
NOW,No price data found,xgboost,interactions
INTU,No price data found,xgboost,interactions
JPM,No price data found,xgboost,interactions
BAC,No price data found,xgboost,interactions
WFC,No price data found,xgboost,interactions
GS,No price data found,xgboost,interactions
MS,No price data found,xgboost,interactions
BLK,No price data found,xgboost,interactions
C,No price data found,xgboost,interactions
SCHW,No price data found,xgboost,interactions
AXP,No price data found,xgboost,interactions
USB,No price data found,xgboost,interactions
PNC,No price data found,xgboost,interactions
BK,No price data found,xgboost,interactions
TFC,No price data found,xgboost,interactions
MMC,No price data found,xgboost,interactions
SPGI,No price data found,xgboost,interactions
ICE,No price data found,xgboost,interactions
CME,No price data found,xgboost,interactions
AON,No price data found,xgboost,interactions
CB,No price data found,xgboost,interactions
PGR,No price data found,xgboost,interactions
JNJ,No price data found,xgboost,interactions
PFE,No price data found,xgboost,interactions
MRK,No price data found,xgboost,interactions
LLY,No price data found,xgboost,interactions
ABBV,No price data found,xgboost,interactions
TMO,No price data found,xgboost,interactions
DHR,No price data found,xgboost,interactions
UNH,No price data found,xgboost,interactions
CVS,No price data found,xgboost,interactions
BMY,No price data found,xgboost,interactions
SAP.DE,No price data found,xgboost,interactions
SIE.DE,No price data found,xgboost,interactions
ALV.DE,No price data found,xgboost,interactions
BAS.DE,No price data found,xgboost,interactions
BAYN.DE,No price data found,xgboost,interactions
BMW.DE,No price data found,xgboost,interactions
DBK.DE,No price data found,xgboost,interactions
DPW.DE,No price data found,xgboost,interactions
DTE.DE,No price data found,xgboost,interactions
ADS.DE,No price data found,xgboost,interactions
IFX.DE,No price data found,xgboost,interactions
LIN.DE,No price data found,xgboost,interactions
MRK.DE,No price data found,xgboost,interactions
MUV2.DE,No price data found,xgboost,interactions
RWE.DE,No price data found,xgboost,interactions
VOW3.DE,No price data found,xgboost,interactions
ZAL.DE,No price data found,xgboost,interactions
HEN3.DE,No price data found,xgboost,interactions
FRE.DE,No price data found,xgboost,interactions
FME.DE,No price data found,xgboost,interactions
HEI.DE,No price data found,xgboost,interactions
CON.DE,No price data found,xgboost,interactions
AIR.DE,No price data found,xgboost,interactions
MTX.DE,No price data found,xgboost,interactions
PUM.DE,No price data found,xgboost,interactions
MC.PA,No price data found,xgboost,interactions
OR.PA,No price data found,xgboost,interactions
TTE.PA,No price data found,xgboost,interactions
SAN.PA,No price data found,xgboost,interactions
AIR.PA,No price data found,xgboost,interactions
BNP.PA,No price data found,xgboost,interactions
GLE.PA,No price data found,xgboost,interactions
ACA.PA,No price data found,xgboost,interactions
ENGI.PA,No price data found,xgboost,interactions
RI.PA,No price data found,xgboost,interactions
KER.PA,No price data found,xgboost,interactions
CAP.PA,No price data found,xgboost,interactions
SU.PA,No price data found,xgboost,interactions
DG.PA,No price data found,xgboost,interactions
EL.PA,No price data found,xgboost,interactions
VIE.PA,No price data found,xgboost,interactions
ORA.PA,No price data found,xgboost,interactions
HO.PA,No price data found,xgboost,interactions
STLA.PA,No price data found,xgboost,interactions
ML.PA,No price data found,xgboost,interactions
LR.PA,No price data found,xgboost,interactions
WLN.PA,No price data found,xgboost,interactions
ATO.PA,No price data found,xgboost,interactions
DSY.PA,No price data found,xgboost,interactions
PUB.PA,No price data found,xgboost,interactions
AAL.L,No price data found,catboost,base
ABF.L,No price data found,catboost,base
ADM.L,No price data found,catboost,base
AHT.L,No price data found,catboost,base
ANTO.L,No price data found,catboost,base
AUTO.L,No price data found,catboost,base
AV.L,No price data found,catboost,base
AZN.L,No price data found,catboost,base
BA.L,No price data found,catboost,base
BARC.L,No price data found,catboost,base
BATS.L,No price data found,catboost,base
BHP.L,No price data found,catboost,base
BP.L,No price data found,catboost,base
BT-A.L,No price data found,catboost,base
BNZL.L,No price data found,catboost,base
CCL.L,No price data found,catboost,base
CNA.L,No price data found,catboost,base
CPG.L,No price data found,catboost,base
CRDA.L,No price data found,catboost,base
DCC.L,No price data found,catboost,base
DGE.L,No price data found,catboost,base
EDV.L,No price data found,catboost,base
ENT.L,No price data found,catboost,base
EXPN.L,No price data found,catboost,base
FERG.L,No price data found,catboost,base
FLTR.L,No price data found,catboost,base
FRES.L,No price data found,catboost,base
GLEN.L,No price data found,catboost,base
GSK.L,No price data found,catboost,base
HLMA.L,No price data found,catboost,base
HLN.L,No price data found,catboost,base
HSBA.L,No price data found,catboost,base
IAG.L,No price data found,catboost,base
IHG.L,No price data found,catboost,base
IMB.L,No price data found,catboost,base
INF.L,No price data found,catboost,base
ITRK.L,No price data found,catboost,base
JD.L,No price data found,catboost,base
KGF.L,No price data found,catboost,base
LAND.L,No price data found,catboost,base
LGEN.L,No price data found,catboost,base
LLOY.L,No price data found,catboost,base
LSEG.L,No price data found,catboost,base
MKS.L,No price data found,catboost,base
MNDI.L,No price data found,catboost,base
NG.L,No price data found,catboost,base
NWG.L,No price data found,catboost,base
NXT.L,No price data found,catboost,base
OCDO.L,No price data found,catboost,base
PSON.L,No price data found,catboost,base
AAPL,No price data found,catboost,base
MSFT,No price data found,catboost,base
GOOGL,No price data found,catboost,base
AMZN,No price data found,catboost,base
META,No price data found,catboost,base
NVDA,No price data found,catboost,base
TSLA,No price data found,catboost,base
AMD,No price data found,catboost,base
NFLX,No price data found,catboost,base
INTC,No price data found,catboost,base
AVGO,No price data found,catboost,base
ORCL,No price data found,catboost,base
ADBE,No price data found,catboost,base
CRM,No price data found,catboost,base
CSCO,No price data found,catboost,base
QCOM,No price data found,catboost,base
TXN,No price data found,catboost,base
AMAT,No price data found,catboost,base
NOW,No price data found,catboost,base
INTU,No price data found,catboost,base
JPM,No price data found,catboost,base
BAC,No price data found,catboost,base
WFC,No price data found,catboost,base
GS,No price data found,catboost,base
MS,No price data found,catboost,base
BLK,No price data found,catboost,base
C,No price data found,catboost,base
SCHW,No price data found,catboost,base
AXP,No price data found,catboost,base
USB,No price data found,catboost,base
PNC,No price data found,catboost,base
BK,No price data found,catboost,base
TFC,No price data found,catboost,base
MMC,No price data found,catboost,base
SPGI,No price data found,catboost,base
ICE,No price data found,catboost,base
CME,No price data found,catboost,base
AON,No price data found,catboost,base
CB,No price data found,catboost,base
PGR,No price data found,catboost,base
JNJ,No price data found,catboost,base
PFE,No price data found,catboost,base
MRK,No price data found,catboost,base
LLY,No price data found,catboost,base
ABBV,No price data found,catboost,base
TMO,No price data found,catboost,base
DHR,No price data found,catboost,base
UNH,No price data found,catboost,base
CVS,No price data found,catboost,base
BMY,No price data found,catboost,base
SAP.DE,No price data found,catboost,base
SIE.DE,No price data found,catboost,base
ALV.DE,No price data found,catboost,base
BAS.DE,No price data found,catboost,base
BAYN.DE,No price data found,catboost,base
BMW.DE,No price data found,catboost,base
DBK.DE,No price data found,catboost,base
DPW.DE,No price data found,catboost,base
DTE.DE,No price data found,catboost,base
ADS.DE,No price data found,catboost,base
IFX.DE,No price data found,catboost,base
LIN.DE,No price data found,catboost,base
MRK.DE,No price data found,catboost,base
MUV2.DE,No price data found,catboost,base
RWE.DE,No price data found,catboost,base
VOW3.DE,No price data found,catboost,base
ZAL.DE,No price data found,catboost,base
HEN3.DE,No price data found,catboost,base
FRE.DE,No price data found,catboost,base
FME.DE,No price data found,catboost,base
HEI.DE,No price data found,catboost,base
CON.DE,No price data found,catboost,base
AIR.DE,No price data found,catboost,base
MTX.DE,No price data found,catboost,base
PUM.DE,No price data found,catboost,base
MC.PA,No price data found,catboost,base
OR.PA,No price data found,catboost,base
TTE.PA,No price data found,catboost,base
SAN.PA,No price data found,catboost,base
AIR.PA,No price data found,catboost,base
BNP.PA,No price data found,catboost,base
GLE.PA,No price data found,catboost,base
ACA.PA,No price data found,catboost,base
ENGI.PA,No price data found,catboost,base
RI.PA,No price data found,catboost,base
KER.PA,No price data found,catboost,base
CAP.PA,No price data found,catboost,base
SU.PA,No price data found,catboost,base
DG.PA,No price data found,catboost,base
EL.PA,No price data found,catboost,base
VIE.PA,No price data found,catboost,base
ORA.PA,No price data found,catboost,base
HO.PA,No price data found,catboost,base
STLA.PA,No price data found,catboost,base
ML.PA,No price data found,catboost,base
LR.PA,No price data found,catboost,base
WLN.PA,No price data found,catboost,base
ATO.PA,No price data found,catboost,base
DSY.PA,No price data found,catboost,base
PUB.PA,No price data found,catboost,base
AAL.L,No price data found,catboost,interactions
ABF.L,No price data found,catboost,interactions
ADM.L,No price data found,catboost,interactions
AHT.L,No price data found,catboost,interactions
ANTO.L,No price data found,catboost,interactions
AUTO.L,No price data found,catboost,interactions
AV.L,No price data found,catboost,interactions
AZN.L,No price data found,catboost,interactions
BA.L,No price data found,catboost,interactions
BARC.L,No price data found,catboost,interactions
BATS.L,No price data found,catboost,interactions
BHP.L,No price data found,catboost,interactions
BP.L,No price data found,catboost,interactions
BT-A.L,No price data found,catboost,interactions
BNZL.L,No price data found,catboost,interactions
CCL.L,No price data found,catboost,interactions
CNA.L,No price data found,catboost,interactions
CPG.L,No price data found,catboost,interactions
CRDA.L,No price data found,catboost,interactions
DCC.L,No price data found,catboost,interactions
DGE.L,No price data found,catboost,interactions
EDV.L,No price data found,catboost,interactions
ENT.L,No price data found,catboost,interactions
EXPN.L,No price data found,catboost,interactions
FERG.L,No price data found,catboost,interactions
FLTR.L,No price data found,catboost,interactions
FRES.L,No price data found,catboost,interactions
GLEN.L,No price data found,catboost,interactions
GSK.L,No price data found,catboost,interactions
HLMA.L,No price data found,catboost,interactions
HLN.L,No price data found,catboost,interactions
HSBA.L,No price data found,catboost,interactions
IAG.L,No price data found,catboost,interactions
IHG.L,No price data found,catboost,interactions
IMB.L,No price data found,catboost,interactions
INF.L,No price data found,catboost,interactions
ITRK.L,No price data found,catboost,interactions
JD.L,No price data found,catboost,interactions
KGF.L,No price data found,catboost,interactions
LAND.L,No price data found,catboost,interactions
LGEN.L,No price data found,catboost,interactions
LLOY.L,No price data found,catboost,interactions
LSEG.L,No price data found,catboost,interactions
MKS.L,No price data found,catboost,interactions
MNDI.L,No price data found,catboost,interactions
NG.L,No price data found,catboost,interactions
NWG.L,No price data found,catboost,interactions
NXT.L,No price data found,catboost,interactions
OCDO.L,No price data found,catboost,interactions
PSON.L,No price data found,catboost,interactions
AAPL,No price data found,catboost,interactions
MSFT,No price data found,catboost,interactions
GOOGL,No price data found,catboost,interactions
AMZN,No price data found,catboost,interactions
META,No price data found,catboost,interactions
NVDA,No price data found,catboost,interactions
TSLA,No price data found,catboost,interactions
AMD,No price data found,catboost,interactions
NFLX,No price data found,catboost,interactions
INTC,No price data found,catboost,interactions
AVGO,No price data found,catboost,interactions
ORCL,No price data found,catboost,interactions
ADBE,No price data found,catboost,interactions
CRM,No price data found,catboost,interactions
CSCO,No price data found,catboost,interactions
QCOM,No price data found,catboost,interactions
TXN,No price data found,catboost,interactions
AMAT,No price data found,catboost,interactions
NOW,No price data found,catboost,interactions
INTU,No price data found,catboost,interactions
JPM,No price data found,catboost,interactions
BAC,No price data found,catboost,interactions
WFC,No price data found,catboost,interactions
GS,No price data found,catboost,interactions
MS,No price data found,catboost,interactions
BLK,No price data found,catboost,interactions
C,No price data found,catboost,interactions
SCHW,No price data found,catboost,interactions
AXP,No price data found,catboost,interactions
USB,No price data found,catboost,interactions
PNC,No price data found,catboost,interactions
BK,No price data found,catboost,interactions
TFC,No price data found,catboost,interactions
MMC,No price data found,catboost,interactions
SPGI,No price data found,catboost,interactions
ICE,No price data found,catboost,interactions
CME,No price data found,catboost,interactions
AON,No price data found,catboost,interactions
CB,No price data found,catboost,interactions
PGR,No price data found,catboost,interactions
JNJ,No price data found,catboost,interactions
PFE,No price data found,catboost,interactions
MRK,No price data found,catboost,interactions
LLY,No price data found,catboost,interactions
ABBV,No price data found,catboost,interactions
TMO,No price data found,catboost,interactions
DHR,No price data found,catboost,interactions
UNH,No price data found,catboost,interactions
CVS,No price data found,catboost,interactions
BMY,No price data found,catboost,interactions
SAP.DE,No price data found,catboost,interactions
SIE.DE,No price data found,catboost,interactions
ALV.DE,No price data found,catboost,interactions
BAS.DE,No price data found,catboost,interactions
BAYN.DE,No price data found,catboost,interactions
BMW.DE,No price data found,catboost,interactions
DBK.DE,No price data found,catboost,interactions
DPW.DE,No price data found,catboost,interactions
DTE.DE,No price data found,catboost,interactions
ADS.DE,No price data found,catboost,interactions
IFX.DE,No price data found,catboost,interactions
LIN.DE,No price data found,catboost,interactions
MRK.DE,No price data found,catboost,interactions
MUV2.DE,No price data found,catboost,interactions
RWE.DE,No price data found,catboost,interactions
VOW3.DE,No price data found,catboost,interactions
ZAL.DE,No price data found,catboost,interactions
HEN3.DE,No price data found,catboost,interactions
FRE.DE,No price data found,catboost,interactions
FME.DE,No price data found,catboost,interactions
HEI.DE,No price data found,catboost,interactions
CON.DE,No price data found,catboost,interactions
AIR.DE,No price data found,catboost,interactions
MTX.DE,No price data found,catboost,interactions
PUM.DE,No price data found,catboost,interactions
MC.PA,No price data found,catboost,interactions
OR.PA,No price data found,catboost,interactions
TTE.PA,No price data found,catboost,interactions
SAN.PA,No price data found,catboost,interactions
AIR.PA,No price data found,catboost,interactions
BNP.PA,No price data found,catboost,interactions
GLE.PA,No price data found,catboost,interactions
ACA.PA,No price data found,catboost,interactions
ENGI.PA,No price data found,catboost,interactions
RI.PA,No price data found,catboost,interactions
KER.PA,No price data found,catboost,interactions
CAP.PA,No price data found,catboost,interactions
SU.PA,No price data found,catboost,interactions
DG.PA,No price data found,catboost,interactions
EL.PA,No price data found,catboost,interactions
VIE.PA,No price data found,catboost,interactions
ORA.PA,No price data found,catboost,interactions
HO.PA,No price data found,catboost,interactions
STLA.PA,No price data found,catboost,interactions
ML.PA,No price data found,catboost,interactions
LR.PA,No price data found,catboost,interactions
WLN.PA,No price data found,catboost,interactions
ATO.PA,No price data found,catboost,interactions
DSY.PA,No price data found,catboost,interactions
PUB.PA,No price data found,catboost,interactions
AAL.L,No price data found,lightgbm,base
ABF.L,No price data found,lightgbm,base
ADM.L,No price data found,lightgbm,base
AHT.L,No price data found,lightgbm,base
ANTO.L,No price data found,lightgbm,base
AUTO.L,No price data found,lightgbm,base
AV.L,No price data found,lightgbm,base
AZN.L,No price data found,lightgbm,base
BA.L,No price data found,lightgbm,base
BARC.L,No price data found,lightgbm,base
BATS.L,No price data found,lightgbm,base
BHP.L,No price data found,lightgbm,base
BP.L,No price data found,lightgbm,base
BT-A.L,No price data found,lightgbm,base
BNZL.L,No price data found,lightgbm,base
CCL.L,No price data found,lightgbm,base
CNA.L,No price data found,lightgbm,base
CPG.L,No price data found,lightgbm,base
CRDA.L,No price data found,lightgbm,base
DCC.L,No price data found,lightgbm,base
DGE.L,No price data found,lightgbm,base
EDV.L,No price data found,lightgbm,base
ENT.L,No price data found,lightgbm,base
EXPN.L,No price data found,lightgbm,base
FERG.L,No price data found,lightgbm,base
FLTR.L,No price data found,lightgbm,base
FRES.L,No price data found,lightgbm,base
GLEN.L,No price data found,lightgbm,base
GSK.L,No price data found,lightgbm,base
HLMA.L,No price data found,lightgbm,base
HLN.L,No price data found,lightgbm,base
HSBA.L,No price data found,lightgbm,base
IAG.L,No price data found,lightgbm,base
IHG.L,No price data found,lightgbm,base
IMB.L,No price data found,lightgbm,base
INF.L,No price data found,lightgbm,base
ITRK.L,No price data found,lightgbm,base
JD.L,No price data found,lightgbm,base
KGF.L,No price data found,lightgbm,base
LAND.L,No price data found,lightgbm,base
LGEN.L,No price data found,lightgbm,base
LLOY.L,No price data found,lightgbm,base
LSEG.L,No price data found,lightgbm,base
MKS.L,No price data found,lightgbm,base
MNDI.L,No price data found,lightgbm,base
NG.L,No price data found,lightgbm,base
NWG.L,No price data found,lightgbm,base
NXT.L,No price data found,lightgbm,base
OCDO.L,No price data found,lightgbm,base
PSON.L,No price data found,lightgbm,base
AAPL,No price data found,lightgbm,base
MSFT,No price data found,lightgbm,base
GOOGL,No price data found,lightgbm,base
AMZN,No price data found,lightgbm,base
META,No price data found,lightgbm,base
NVDA,No price data found,lightgbm,base
TSLA,No price data found,lightgbm,base
AMD,No price data found,lightgbm,base
NFLX,No price data found,lightgbm,base
INTC,No price data found,lightgbm,base
AVGO,No price data found,lightgbm,base
ORCL,No price data found,lightgbm,base
ADBE,No price data found,lightgbm,base
CRM,No price data found,lightgbm,base
CSCO,No price data found,lightgbm,base
QCOM,No price data found,lightgbm,base
TXN,No price data found,lightgbm,base
AMAT,No price data found,lightgbm,base
NOW,No price data found,lightgbm,base
INTU,No price data found,lightgbm,base
JPM,No price data found,lightgbm,base
BAC,No price data found,lightgbm,base
WFC,No price data found,lightgbm,base
GS,No price data found,lightgbm,base
MS,No price data found,lightgbm,base
BLK,No price data found,lightgbm,base
C,No price data found,lightgbm,base
SCHW,No price data found,lightgbm,base
AXP,No price data found,lightgbm,base
USB,No price data found,lightgbm,base
PNC,No price data found,lightgbm,base
BK,No price data found,lightgbm,base
TFC,No price data found,lightgbm,base
MMC,No price data found,lightgbm,base
SPGI,No price data found,lightgbm,base
ICE,No price data found,lightgbm,base
CME,No price data found,lightgbm,base
AON,No price data found,lightgbm,base
CB,No price data found,lightgbm,base
PGR,No price data found,lightgbm,base
JNJ,No price data found,lightgbm,base
PFE,No price data found,lightgbm,base
MRK,No price data found,lightgbm,base
LLY,No price data found,lightgbm,base
ABBV,No price data found,lightgbm,base
TMO,No price data found,lightgbm,base
DHR,No price data found,lightgbm,base
UNH,No price data found,lightgbm,base
CVS,No price data found,lightgbm,base
BMY,No price data found,lightgbm,base
SAP.DE,No price data found,lightgbm,base
SIE.DE,No price data found,lightgbm,base
ALV.DE,No price data found,lightgbm,base
BAS.DE,No price data found,lightgbm,base
BAYN.DE,No price data found,lightgbm,base
BMW.DE,No price data found,lightgbm,base
DBK.DE,No price data found,lightgbm,base
DPW.DE,No price data found,lightgbm,base
DTE.DE,No price data found,lightgbm,base
ADS.DE,No price data found,lightgbm,base
IFX.DE,No price data found,lightgbm,base
LIN.DE,No price data found,lightgbm,base
MRK.DE,No price data found,lightgbm,base
MUV2.DE,No price data found,lightgbm,base
RWE.DE,No price data found,lightgbm,base
VOW3.DE,No price data found,lightgbm,base
ZAL.DE,No price data found,lightgbm,base
HEN3.DE,No price data found,lightgbm,base
FRE.DE,No price data found,lightgbm,base
FME.DE,No price data found,lightgbm,base
HEI.DE,No price data found,lightgbm,base
CON.DE,No price data found,lightgbm,base
AIR.DE,No price data found,lightgbm,base
MTX.DE,No price data found,lightgbm,base
PUM.DE,No price data found,lightgbm,base
MC.PA,No price data found,lightgbm,base
OR.PA,No price data found,lightgbm,base
TTE.PA,No price data found,lightgbm,base
SAN.PA,No price data found,lightgbm,base
AIR.PA,No price data found,lightgbm,base
BNP.PA,No price data found,lightgbm,base
GLE.PA,No price data found,lightgbm,base
ACA.PA,No price data found,lightgbm,base
ENGI.PA,No price data found,lightgbm,base
RI.PA,No price data found,lightgbm,base
KER.PA,No price data found,lightgbm,base
CAP.PA,No price data found,lightgbm,base
SU.PA,No price data found,lightgbm,base
DG.PA,No price data found,lightgbm,base
EL.PA,No price data found,lightgbm,base
VIE.PA,No price data found,lightgbm,base
ORA.PA,No price data found,lightgbm,base
HO.PA,No price data found,lightgbm,base
STLA.PA,No price data found,lightgbm,base
ML.PA,No price data found,lightgbm,base
LR.PA,No price data found,lightgbm,base
WLN.PA,No price data found,lightgbm,base
ATO.PA,No price data found,lightgbm,base
DSY.PA,No price data found,lightgbm,base
PUB.PA,No price data found,lightgbm,base
AAL.L,No price data found,lightgbm,interactions
ABF.L,No price data found,lightgbm,interactions
ADM.L,No price data found,lightgbm,interactions
AHT.L,No price data found,lightgbm,interactions
ANTO.L,No price data found,lightgbm,interactions
AUTO.L,No price data found,lightgbm,interactions
AV.L,No price data found,lightgbm,interactions
AZN.L,No price data found,lightgbm,interactions
BA.L,No price data found,lightgbm,interactions
BARC.L,No price data found,lightgbm,interactions
BATS.L,No price data found,lightgbm,interactions
BHP.L,No price data found,lightgbm,interactions
BP.L,No price data found,lightgbm,interactions
BT-A.L,No price data found,lightgbm,interactions
BNZL.L,No price data found,lightgbm,interactions
CCL.L,No price data found,lightgbm,interactions
CNA.L,No price data found,lightgbm,interactions
CPG.L,No price data found,lightgbm,interactions
CRDA.L,No price data found,lightgbm,interactions
DCC.L,No price data found,lightgbm,interactions
DGE.L,No price data found,lightgbm,interactions
EDV.L,No price data found,lightgbm,interactions
ENT.L,No price data found,lightgbm,interactions
EXPN.L,No price data found,lightgbm,interactions
FERG.L,No price data found,lightgbm,interactions
FLTR.L,No price data found,lightgbm,interactions
FRES.L,No price data found,lightgbm,interactions
GLEN.L,No price data found,lightgbm,interactions
GSK.L,No price data found,lightgbm,interactions
HLMA.L,No price data found,lightgbm,interactions
HLN.L,No price data found,lightgbm,interactions
HSBA.L,No price data found,lightgbm,interactions
IAG.L,No price data found,lightgbm,interactions
IHG.L,No price data found,lightgbm,interactions
IMB.L,No price data found,lightgbm,interactions
INF.L,No price data found,lightgbm,interactions
ITRK.L,No price data found,lightgbm,interactions
JD.L,No price data found,lightgbm,interactions
KGF.L,No price data found,lightgbm,interactions
LAND.L,No price data found,lightgbm,interactions
LGEN.L,No price data found,lightgbm,interactions
LLOY.L,No price data found,lightgbm,interactions
LSEG.L,No price data found,lightgbm,interactions
MKS.L,No price data found,lightgbm,interactions
MNDI.L,No price data found,lightgbm,interactions
NG.L,No price data found,lightgbm,interactions
NWG.L,No price data found,lightgbm,interactions
NXT.L,No price data found,lightgbm,interactions
OCDO.L,No price data found,lightgbm,interactions
PSON.L,No price data found,lightgbm,interactions
AAPL,No price data found,lightgbm,interactions
MSFT,No price data found,lightgbm,interactions
GOOGL,No price data found,lightgbm,interactions
AMZN,No price data found,lightgbm,interactions
META,No price data found,lightgbm,interactions
NVDA,No price data found,lightgbm,interactions
TSLA,No price data found,lightgbm,interactions
AMD,No price data found,lightgbm,interactions
NFLX,No price data found,lightgbm,interactions
INTC,No price data found,lightgbm,interactions
AVGO,No price data found,lightgbm,interactions
ORCL,No price data found,lightgbm,interactions
ADBE,No price data found,lightgbm,interactions
CRM,No price data found,lightgbm,interactions
CSCO,No price data found,lightgbm,interactions
QCOM,No price data found,lightgbm,interactions
TXN,No price data found,lightgbm,interactions
AMAT,No price data found,lightgbm,interactions
NOW,No price data found,lightgbm,interactions
INTU,No price data found,lightgbm,interactions
JPM,No price data found,lightgbm,interactions
BAC,No price data found,lightgbm,interactions
WFC,No price data found,lightgbm,interactions
GS,No price data found,lightgbm,interactions
MS,No price data found,lightgbm,interactions
BLK,No price data found,lightgbm,interactions
C,No price data found,lightgbm,interactions
SCHW,No price data found,lightgbm,interactions
AXP,No price data found,lightgbm,interactions
USB,No price data found,lightgbm,interactions
PNC,No price data found,lightgbm,interactions
BK,No price data found,lightgbm,interactions
TFC,No price data found,lightgbm,interactions
MMC,No price data found,lightgbm,interactions
SPGI,No price data found,lightgbm,interactions
ICE,No price data found,lightgbm,interactions
CME,No price data found,lightgbm,interactions
AON,No price data found,lightgbm,interactions
CB,No price data found,lightgbm,interactions
PGR,No price data found,lightgbm,interactions
JNJ,No price data found,lightgbm,interactions
PFE,No price data found,lightgbm,interactions
MRK,No price data found,lightgbm,interactions
LLY,No price data found,lightgbm,interactions
ABBV,No price data found,lightgbm,interactions
TMO,No price data found,lightgbm,interactions
DHR,No price data found,lightgbm,interactions
UNH,No price data found,lightgbm,interactions
CVS,No price data found,lightgbm,interactions
BMY,No price data found,lightgbm,interactions
SAP.DE,No price data found,lightgbm,interactions
SIE.DE,No price data found,lightgbm,interactions
ALV.DE,No price data found,lightgbm,interactions
BAS.DE,No price data found,lightgbm,interactions
BAYN.DE,No price data found,lightgbm,interactions
BMW.DE,No price data found,lightgbm,interactions
DBK.DE,No price data found,lightgbm,interactions
DPW.DE,No price data found,lightgbm,interactions
DTE.DE,No price data found,lightgbm,interactions
ADS.DE,No price data found,lightgbm,interactions
IFX.DE,No price data found,lightgbm,interactions
LIN.DE,No price data found,lightgbm,interactions
MRK.DE,No price data found,lightgbm,interactions
MUV2.DE,No price data found,lightgbm,interactions
RWE.DE,No price data found,lightgbm,interactions
VOW3.DE,No price data found,lightgbm,interactions
ZAL.DE,No price data found,lightgbm,interactions
HEN3.DE,No price data found,lightgbm,interactions
FRE.DE,No price data found,lightgbm,interactions
FME.DE,No price data found,lightgbm,interactions
HEI.DE,No price data found,lightgbm,interactions
CON.DE,No price data found,lightgbm,interactions
AIR.DE,No price data found,lightgbm,interactions
MTX.DE,No price data found,lightgbm,interactions
PUM.DE,No price data found,lightgbm,interactions
MC.PA,No price data found,lightgbm,interactions
OR.PA,No price data found,lightgbm,interactions
TTE.PA,No price data found,lightgbm,interactions
SAN.PA,No price data found,lightgbm,interactions
AIR.PA,No price data found,lightgbm,interactions
BNP.PA,No price data found,lightgbm,interactions
GLE.PA,No price data found,lightgbm,interactions
ACA.PA,No price data found,lightgbm,interactions
ENGI.PA,No price data found,lightgbm,interactions
RI.PA,No price data found,lightgbm,interactions
KER.PA,No price data found,lightgbm,interactions
CAP.PA,No price data found,lightgbm,interactions
SU.PA,No price data found,lightgbm,interactions
DG.PA,No price data found,lightgbm,interactions
EL.PA,No price data found,lightgbm,interactions
VIE.PA,No price data found,lightgbm,interactions
ORA.PA,No price data found,lightgbm,interactions
HO.PA,No price data found,lightgbm,interactions
STLA.PA,No price data found,lightgbm,interactions
ML.PA,No price data found,lightgbm,interactions
LR.PA,No price data found,lightgbm,interactions
WLN.PA,No price data found,lightgbm,interactions
ATO.PA,No price data found,lightgbm,interactions
DSY.PA,No price data found,lightgbm,interactions
PUB.PA,No price data found,lightgbm,interactions
