pick_date,market,Ticker,pick_prob_up,pick_score,start_close,end_close_5d,forward_return_5d_pct,hit,rating
2026-03-24,core,NVDA,88.08431029319763,70.0,175.1999969482422,,,,Top Ranked
2026-03-24,ftse,FRES.L,73.8390564918518,72.8,3200.0,,,,Top Ranked
2026-03-24,ftse,SVT.L,83.39670896530151,71.0,2919.0,,,,Top Ranked
2026-03-24,ftse,SHC.L,79.59739565849304,70.9,127.0999984741211,,,,Top Ranked
2026-03-24,us,NVDA,88.08431029319763,70.0,175.1999969482422,,,,Top Ranked
2026-03-24,us,GILD,73.30408096313477,72.6,138.11000061035156,,,,Top Ranked
2026-03-24,us,XPO,87.07862496376038,74.8,186.3300018310547,,,,Top Ranked
2026-03-25,core,NVDA,88.08431029319763,70.0,175.1999969482422,,,,Top Ranked
2026-03-25,ftse,FRES.L,73.8390564918518,72.8,3200.0,,,,Top Ranked
2026-03-25,ftse,SVT.L,83.39670896530151,71.0,2919.0,,,,Top Ranked
2026-03-25,ftse,SHC.L,79.59739565849304,70.9,127.0999984741211,,,,Top Ranked
2026-03-25,us,NVDA,88.08431029319763,70.0,175.1999969482422,,,,Top Ranked
2026-03-25,us,GILD,73.30408096313477,72.6,138.11000061035156,,,,Top Ranked
2026-03-25,us,XPO,87.07862496376038,74.8,186.3300018310547,,,,Top Ranked
2026-03-25,core,NVDA,88.08431029319763,70.0,175.1999969482422,,,,Top Ranked
2026-03-25,us,NVDA,88.08431029319763,70.0,175.1999969482422,,,,Top Ranked
2026-03-25,us,GILD,73.30408096313477,72.6,138.11000061035156,,,,Top Ranked
2026-03-25,us,XPO,87.07862496376038,74.8,186.3300018310547,,,,Top Ranked
2026-03-25,core,NVDA,88.08431029319763,70.0,175.1999969482422,,,,Top Ranked
2026-03-25,us,NVDA,88.08431029319763,70.0,175.1999969482422,,,,Top Ranked
2026-03-25,us,GILD,73.30408096313477,72.6,138.11000061035156,,,,Top Ranked
2026-03-25,us,XPO,87.07862496376038,74.8,186.3300018310547,,,,Top Ranked
2026-03-25,core,NVDA,88.08431029319763,70.0,175.1999969482422,,,,Top Ranked
2026-03-25,us,NVDA,88.08431029319763,70.0,175.1999969482422,,,,Top Ranked
2026-03-25,us,GILD,73.30408096313477,72.6,138.11000061035156,,,,Top Ranked
2026-03-25,us,XPO,87.07862496376038,74.8,186.3300018310547,,,,Top Ranked
2026-03-25,core,NVDA,88.08431029319763,70.0,175.1999969482422,,,,Top Ranked
2026-03-25,us,NVDA,88.08431029319763,70.0,175.1999969482422,,,,Top Ranked
2026-03-25,us,GILD,73.30408096313477,72.6,138.11000061035156,,,,Top Ranked
2026-03-25,us,XPO,87.07862496376038,74.8,186.3300018310547,,,,Top Ranked
2026-03-25,ftse,SHC.L,80.84591627120972,70.2,129.1999969482422,,,,Top Ranked
2026-03-25,us,BILL,76.36681795120239,73.5,38.310001373291016,,,,Top Ranked
2026-03-25,us,MCO,85.640949010849,74.1,428.4500122070313,,,,Top Ranked
2026-03-25,core,NVDA,87.19899654388428,70.5,179.06500244140625,,,,Top Ranked
2026-03-25,core,REL.L,83.70498418807983,74.6,2393.0,,,,Top Ranked
2026-03-25,ftse,PHNX.L,63.62104415893555,70.3,657.5,,,,Top Ranked
2026-03-25,ftse,REL.L,83.70498418807983,74.6,2393.0,,,,Top Ranked
2026-03-25,ftse,SHC.L,86.63535118103027,71.5,129.10000610351562,,,,Top Ranked
2026-03-25,ftse,NCC.L,89.91339802742004,74.1,116.4000015258789,,,,Top Ranked
2026-03-25,us,NVDA,87.19899654388428,70.5,179.07000732421875,,,,Top Ranked
2026-03-25,us,NOW,65.72571396827698,73.9,103.0999984741211,,,,Top Ranked
2026-03-25,us,SPGI,66.8946623802185,71.3,409.9400024414063,,,,Top Ranked
2026-03-25,us,ABBV,82.95796513557434,70.5,206.8999938964844,,,,Top Ranked
2026-03-25,us,EL,74.27651286125183,70.9,74.12000274658203,,,,Top Ranked
2026-03-25,us,DASH,63.20887804031372,71.0,152.3000030517578,,,,Top Ranked
2026-03-25,us,BILL,67.63953566551208,70.5,38.5005989074707,,,,Top Ranked
2026-03-25,us,HUBS,76.5056848526001,70.1,240.08999633789065,,,,Top Ranked
2026-03-25,us,MCO,93.2342290878296,75.2,429.1749877929688,,,,Top Ranked
2026-03-25,us,XPO,86.53404116630554,71.3,192.1199951171875,,,,Top Ranked
2026-03-25,us,AVB,82.28517174720764,73.1,164.44500732421875,,,,Top Ranked
2026-03-25,europe,SAND.ST,79.68930006027222,71.4,353.20001220703125,,,,Top Ranked
2026-03-25,europe,NOVO-B.CO,85.44874787330627,70.1,235.8000030517578,,,,Top Ranked
2026-03-25,core,REL.L,82.07904696464539,71.3,2393.0,,,,Top Ranked
2026-03-25,ftse,REL.L,82.07904696464539,71.3,2393.0,,,,Top Ranked
2026-03-25,ftse,ALFA.L,93.34596395492554,74.6,148.1999969482422,,,,Top Ranked
2026-03-25,us,TEAM,81.76801800727844,73.1,66.86000061035156,,,,Top Ranked
2026-03-25,europe,ROG.SW,88.80492448806763,71.2,305.79998779296875,,,,Top Ranked
2026-03-25,europe,DIA.MI,83.72902870178223,70.9,59.91999816894531,,,,Top Ranked
2026-03-26,core,REL.L,88.90445828437805,74.0,2414.0,,,,Top Ranked
2026-03-26,ftse,LAND.L,84.94732975959778,71.8,551.5,,,,Top Ranked
2026-03-26,ftse,REL.L,88.90445828437805,74.0,2414.0,,,,Top Ranked
2026-03-26,ftse,WEIR.L,88.93784880638123,70.0,2809.2529296875,,,,Top Ranked
2026-03-26,ftse,ALFA.L,93.65345239639282,75.4,148.1999969482422,,,,Top Ranked
2026-03-26,us,HD,83.1760585308075,70.1,332.510009765625,,,,Top Ranked
2026-03-26,us,TEAM,80.66576719284058,71.0,66.45999908447266,,,,Top Ranked
2026-03-26,europe,UCG.MI,89.97852802276611,70.4,62.40999984741211,,,,Top Ranked
2026-03-26,europe,PST.MI,80.75442910194397,71.3,20.07999992370605,,,,Top Ranked
2026-03-27,core,REL.L,86.40058040618896,72.3,2398.0,,,,Top Ranked
2026-03-27,ftse,REL.L,86.40058040618896,72.3,2398.0,,,,Top Ranked
2026-03-27,ftse,WEIR.L,93.9849317073822,71.9,2784.0,,,,Top Ranked
2026-03-27,ftse,ALFA.L,90.92441201210022,73.6,146.8000030517578,,,,Top Ranked
2026-03-27,us,TEAM,80.54679036140442,71.2,68.12999725341797,,,,Top Ranked
2026-03-27,us,HUBS,76.69373154640198,70.0,245.07000732421875,,,,Top Ranked
2026-03-27,europe,PST.MI,86.4591121673584,73.6,19.780000686645508,,,,Top Ranked
2026-03-28,core,REL.L,88.56334090232849,73.2,2393.0,,,,Top Ranked
2026-03-28,ftse,REL.L,88.56334090232849,73.2,2393.0,,,,Top Ranked
2026-03-28,ftse,WEIR.L,94.04300451278688,72.2,2754.0,,,,Top Ranked
2026-03-28,ftse,ALFA.L,91.73294305801392,74.0,142.39999389648438,,,,Top Ranked
2026-03-28,us,HD,86.83131337165833,71.0,321.6499938964844,,,,Top Ranked
2026-03-28,us,SBUX,72.67463803291321,70.1,86.80999755859375,,,,Top Ranked
2026-03-28,us,CRWD,79.46553826332092,70.5,369.5799865722656,,,,Top Ranked
2026-03-28,us,TEAM,86.75168752670288,73.7,65.12000274658203,,,,Top Ranked
2026-03-28,us,AFRM,81.47311806678772,72.7,42.52999877929688,,,,Top Ranked
2026-03-28,us,APP,77.46556401252747,72.5,381.2000122070313,,,,Top Ranked
2026-03-28,europe,PST.MI,87.31388449668884,71.9,19.795000076293945,,,,Top Ranked
2026-03-28,core,REL.L,88.56334090232849,73.2,2393.0,,,,Top Ranked
2026-03-28,ftse,REL.L,88.56334090232849,73.2,2393.0,,,,Top Ranked
2026-03-28,ftse,WEIR.L,94.04300451278688,72.2,2754.0,,,,Top Ranked
2026-03-28,ftse,ALFA.L,91.73294305801392,74.0,142.39999389648438,,,,Top Ranked
2026-03-28,us,HD,86.83131337165833,71.0,321.6499938964844,,,,Top Ranked
2026-03-28,us,SBUX,72.67463803291321,70.1,86.80999755859375,,,,Top Ranked
2026-03-28,us,CRWD,79.46553826332092,70.5,369.5799865722656,,,,Top Ranked
2026-03-28,us,TEAM,86.75168752670288,73.7,65.12000274658203,,,,Top Ranked
2026-03-28,us,AFRM,81.47311806678772,72.7,42.52999877929688,,,,Top Ranked
2026-03-28,us,APP,77.46556401252747,72.5,381.2000122070313,,,,Top Ranked
2026-03-28,europe,PST.MI,87.31388449668884,71.9,19.795000076293945,,,,Top Ranked
2026-03-28,core,REL.L,88.56334090232849,73.2,2393.0,,,,Top Ranked
2026-03-28,ftse,REL.L,88.56334090232849,73.2,2393.0,,,,Top Ranked
2026-03-28,ftse,WEIR.L,94.04300451278688,72.2,2754.0,,,,Top Ranked
2026-03-28,ftse,ALFA.L,91.73294305801392,74.0,142.39999389648438,,,,Top Ranked
2026-03-28,us,HD,86.83131337165833,71.0,321.6499938964844,,,,Top Ranked
2026-03-28,us,SBUX,72.67463803291321,70.1,86.80999755859375,,,,Top Ranked
2026-03-28,us,CRWD,79.46553826332092,70.5,369.5799865722656,,,,Top Ranked
2026-03-28,us,TEAM,86.75168752670288,73.7,65.12000274658203,,,,Top Ranked
2026-03-28,us,AFRM,81.47311806678772,72.7,42.52999877929688,,,,Top Ranked
2026-03-28,us,APP,77.46556401252747,72.5,381.2000122070313,,,,Top Ranked
2026-03-28,europe,PST.MI,87.31388449668884,71.9,19.795000076293945,,,,Top Ranked
2026-03-29,core,REL.L,88.56334090232849,73.2,2393.0,,,,Top Ranked
2026-03-29,ftse,REL.L,88.56334090232849,73.2,2393.0,,,,Top Ranked
2026-03-29,ftse,WEIR.L,94.04300451278688,72.2,2754.0,,,,Top Ranked
2026-03-29,ftse,ALFA.L,91.73294305801392,74.0,142.39999389648438,,,,Top Ranked
2026-03-29,us,HD,86.83131337165833,71.0,321.6499938964844,,,,Top Ranked
2026-03-29,us,SBUX,72.67463803291321,70.1,86.80999755859375,,,,Top Ranked
2026-03-29,us,CRWD,79.46553826332092,70.5,369.5799865722656,,,,Top Ranked
2026-03-29,us,TEAM,86.75168752670288,73.7,65.12000274658203,,,,Top Ranked
2026-03-29,us,AFRM,81.47311806678772,72.7,42.52999877929688,,,,Top Ranked
2026-03-29,us,APP,77.46556401252747,72.5,381.2000122070313,,,,Top Ranked
2026-03-29,europe,PST.MI,87.31388449668884,71.9,19.795000076293945,,,,Top Ranked
2026-03-30,core,REL.L,83.79583358764648,71.2,2417.0,,,,Top Ranked
2026-03-30,ftse,FRES.L,86.06969118118286,70.3,3193.623046875,,,,Top Ranked
2026-03-30,ftse,REL.L,83.79583358764648,71.2,2417.0,,,,Top Ranked
2026-03-30,ftse,BAB.L,84.14484858512878,70.4,1152.0,,,,Top Ranked
2026-03-30,ftse,ALFA.L,94.15187239646912,75.7,142.1999969482422,,,,Top Ranked
2026-03-30,ftse,FSV.L,82.40737318992615,71.0,396.0,,,,Top Ranked
2026-03-30,ftse,GFRD.L,88.35782408714294,76.1,485.0,,,,Top Ranked
2026-03-30,ftse,PCIP.L,83.79182815551758,72.3,48.0,,,,Top Ranked
2026-03-30,us,HD,86.83131337165833,71.0,321.6499938964844,,,,Top Ranked
2026-03-30,us,SBUX,72.67463803291321,70.1,86.80999755859375,,,,Top Ranked
2026-03-30,us,CRWD,79.46553826332092,70.5,369.5799865722656,,,,Top Ranked
2026-03-30,us,TEAM,86.75168752670288,73.7,65.12000274658203,,,,Top Ranked
2026-03-30,us,AFRM,81.47311806678772,72.7,42.52999877929688,,,,Top Ranked
2026-03-30,us,APP,77.46556401252747,72.5,381.2000122070313,,,,Top Ranked
2026-03-30,europe,INGA.AS,81.71236515045166,70.5,21.77499961853028,,,,Top Ranked
2026-03-30,europe,UCG.MI,93.16519498825072,76.3,59.93000030517578,,,,Top Ranked
2026-03-30,europe,PST.MI,80.80424070358276,70.1,19.84499931335449,,,,Top Ranked
2026-03-30,europe,VOE.VI,80.60781359672546,71.6,37.52000045776367,,,,Top Ranked
2026-03-31,core,NVDA,80.00245094299316,71.7,165.1699981689453,,,,Top Ranked
2026-03-31,ftse,WEIR.L,89.63531851768494,70.3,2786.0,,,,Top Ranked
2026-03-31,ftse,III.L,86.8337631225586,70.0,2382.0,,,,Top Ranked
2026-03-31,ftse,BAB.L,82.41145014762878,70.0,1163.0,,,,Top Ranked
2026-03-31,ftse,ALFA.L,88.72578740119934,70.8,145.60000610351562,,,,Top Ranked
2026-03-31,ftse,FSV.L,89.48418498039246,71.7,401.5,,,,Top Ranked
2026-03-31,ftse,GFRD.L,81.57867789268494,71.4,479.5,,,,Top Ranked
2026-03-31,ftse,JMG.L,92.62149930000304,72.4,139.1999969482422,,,,Top Ranked
2026-03-31,us,NVDA,80.00245094299316,71.7,165.1699981689453,,,,Top Ranked
2026-03-31,us,SBUX,77.33216881752014,71.7,86.72000122070312,,,,Top Ranked
2026-03-31,us,TEAM,76.75222158432007,70.3,66.87999725341797,,,,Top Ranked
2026-03-31,us,HOOD,81.03696703910828,73.8,65.16000366210938,,,,Top Ranked
2026-03-31,us,APP,77.23236083984375,70.6,372.0799865722656,,,,Top Ranked
2026-03-31,europe,ITX.MC,81.9577157497406,71.3,49.75,,,,Top Ranked
2026-03-31,europe,UCG.MI,80.86145520210266,70.7,61.040000915527344,,,,Top Ranked
2026-03-31,europe,VOE.VI,81.1938226222992,73.4,37.380001068115234,,,,Top Ranked
2026-03-31,europe,KGX.DE,88.74878287315369,70.1,45.15999984741211,,,,Top Ranked
2026-04-01,ftse,ALFA.L,89.60998058319092,73.6,147.8000030517578,,,,Top Ranked
2026-04-01,ftse,JMG.L,92.7945911884308,71.9,140.0,,,,Top Ranked
2026-04-01,us,PODD,82.60042667388916,72.0,209.83999633789065,,,,Top Ranked
2026-04-02,ftse,ALFA.L,90.30749201774596,73.3,144.8000030517578,,,,Top Ranked
2026-04-02,ftse,PCIP.L,82.87453651428223,71.2,48.0,,,,Top Ranked
2026-04-03,ftse,ALFA.L,88.13397884368896,72.4,146.8000030517578,,,,Top Ranked
2026-04-03,ftse,PCIP.L,82.23300576210022,71.0,48.5,,,,Top Ranked
2026-04-03,us,PM,85.78734397888184,70.6,158.10000610351562,,,,Top Ranked
2026-04-04,ftse,ALFA.L,88.13397884368896,72.4,146.8000030517578,,,,Top Ranked
2026-04-04,ftse,PCIP.L,82.23300576210022,71.0,48.5,,,,Top Ranked
2026-04-04,us,PM,85.78734397888184,70.6,158.10000610351562,,,,Top Ranked
2026-04-05,ftse,ALFA.L,88.13397884368896,72.4,146.8000030517578,,,,Top Ranked
2026-04-05,ftse,PCIP.L,82.23300576210022,71.0,48.5,,,,Top Ranked
2026-04-05,us,PM,85.78734397888184,70.6,158.10000610351562,,,,Top Ranked
2026-04-06,ftse,ALFA.L,88.13397884368896,72.4,146.8000030517578,,,,Top Ranked
2026-04-06,ftse,PCIP.L,82.23300576210022,71.0,48.5,,,,Top Ranked
2026-04-06,us,PM,85.78734397888184,70.6,158.10000610351562,,,,Top Ranked
2026-04-07,us,PODD,79.82208132743835,71.1,203.5,,,,Top Ranked
2026-04-10,us,ESTC,78.08435559272766,70.9,45.0,,,,Top Ranked
2026-04-11,us,ADBE,74.52318668365479,70.5,225.3500061035156,,,,Top Ranked
2026-04-11,us,NOW,89.36489224433899,71.6,83.0,,,,Top Ranked
2026-04-11,us,TEAM,80.11348843574524,71.2,57.150001525878906,,,,Top Ranked
2026-04-11,us,ESTC,78.06605100631714,72.1,43.29999923706055,,,,Top Ranked
2026-04-11,us,ENPH,86.39441132545471,72.0,31.190000534057617,,,,Top Ranked
2026-04-12,us,ADBE,74.52318668365479,70.5,225.3500061035156,,,,Top Ranked
2026-04-12,us,NOW,89.36489224433899,71.6,83.0,,,,Top Ranked
2026-04-12,us,TEAM,80.11348843574524,71.2,57.150001525878906,,,,Top Ranked
2026-04-12,us,ESTC,78.06605100631714,72.1,43.29999923706055,,,,Top Ranked
2026-04-12,us,ENPH,86.39441132545471,72.0,31.190000534057617,,,,Top Ranked
2026-04-13,us,ADBE,74.52318668365479,70.5,225.3500061035156,,,,Top Ranked
2026-04-13,us,NOW,89.36489224433899,71.6,83.0,,,,Top Ranked
2026-04-13,us,TEAM,80.11348843574524,71.2,57.150001525878906,,,,Top Ranked
2026-04-13,us,ESTC,78.06605100631714,72.1,43.29999923706055,,,,Top Ranked
2026-04-13,us,ENPH,86.39441132545471,72.0,31.190000534057617,,,,Top Ranked
2026-04-14,us,ENPH,83.58603119850159,70.9,31.3700008392334,,,,Top Ranked
2026-04-15,us,NOW,85.67512035369873,72.0,87.79000091552734,,,,Top Ranked
2026-04-16,us,ADM,86.77735328674316,71.0,66.94999694824219,,,,Top Ranked
2026-04-20,ftse,IMB.L,80.85383772850037,70.0,2802.0,,,,Top Ranked
2026-04-21,ftse,IMB.L,85.90013980865479,72.6,2777.0,,,,Top Ranked
2026-04-22,ftse,IMB.L,87.5361442565918,72.5,2734.50341796875,,,,Top Ranked
2026-04-23,ftse,BA.L,88.4027361869812,71.3,2052.0,,,,Top Ranked
2026-04-24,ftse,BA.L,90.97087383270264,72.3,2046.0,,,,Top Ranked
2026-04-24,us,LMT,82.98009634017944,73.3,529.7899780273438,,,,Top Ranked
2026-04-25,ftse,BA.L,86.34478449821472,70.5,2020.5,,,,Top Ranked
2026-04-25,us,LMT,84.2081606388092,73.8,513.4500122070312,,,,Top Ranked
2026-04-26,ftse,BA.L,86.34478449821472,70.5,2020.5,,,,Top Ranked
2026-04-26,us,LMT,84.2081606388092,73.8,513.4500122070312,,,,Top Ranked
2026-04-27,us,LMT,84.2081606388092,73.8,513.4500122070312,,,,Top Ranked
2026-04-27,europe,DTE.DE,86.11373901367188,70.0,27.57999992370605,,,,Top Ranked
2026-04-28,us,MOS,85.8883261680603,70.1,23.21999931335449,,,,Top Ranked
2026-04-28,europe,FRE.DE,73.04583191871643,71.3,40.11000061035156,,,,Top Ranked
2026-04-28,europe,FER.MC,81.66321516036987,70.5,57.91999816894531,,,,Top Ranked
2026-04-29,ftse,BA.L,84.95621681213379,70.6,2045.5,,,,Top Ranked
2026-04-29,ftse,WEIR.L,94.28332448005676,72.5,2842.0,,,,Top Ranked
2026-04-29,europe,DTE.DE,84.85032916069031,70.0,26.90999984741211,,,,Top Ranked
2026-04-30,ftse,EDV.L,74.31299090385437,70.1,4260.0,,,,Top Ranked
2026-04-30,ftse,NWG.L,90.01355767250061,73.1,567.0,,,,Top Ranked
2026-04-30,ftse,WEIR.L,95.11991143226624,77.5,2555.4208984375,,,,Top Ranked
2026-04-30,ftse,ROR.L,85.95256209373474,70.4,308.6000061035156,,,,Top Ranked
2026-04-30,us,IR,80.30322194099426,70.6,77.45999908447266,,,,Top Ranked
2026-04-30,europe,FER.MC,76.39419436454773,73.4,56.959999084472656,,,,Top Ranked
2026-04-30,europe,UCG.MI,94.24484968185423,71.7,64.38999938964844,,,,Top Ranked
2026-05-01,ftse,WEIR.L,95.42946815490724,77.6,2626.0,,,,Top Ranked
2026-05-01,europe,HO.PA,96.21522426605225,70.4,233.8999938964844,,,,Top Ranked
2026-05-01,europe,FER.MC,90.85925817489624,74.2,58.43999862670898,,,,Top Ranked
2026-05-02,ftse,WEIR.L,95.8353042602539,77.8,2600.0,,,,Top Ranked
2026-05-02,us,SYK,85.6584370136261,71.6,294.7300109863281,,,,Top Ranked
2026-05-02,europe,HO.PA,96.21522426605225,70.4,233.8999938964844,,,,Top Ranked
2026-05-02,europe,FER.MC,90.85925817489624,74.2,58.43999862670898,,,,Top Ranked
2026-05-03,ftse,WEIR.L,95.8353042602539,77.8,2600.0,,,,Top Ranked
2026-05-03,us,SYK,85.6584370136261,71.6,294.7300109863281,,,,Top Ranked
2026-05-03,europe,HO.PA,96.21522426605225,70.4,233.8999938964844,,,,Top Ranked
2026-05-03,europe,FER.MC,90.85925817489624,74.2,58.43999862670898,,,,Top Ranked
2026-05-04,ftse,WEIR.L,95.8353042602539,77.8,2600.0,,,,Top Ranked
2026-05-04,us,SYK,85.6584370136261,71.6,294.7300109863281,,,,Top Ranked
2026-05-05,ftse,WEIR.L,97.01317548751832,81.1,2600.0,,,,Top Ranked
2026-05-05,us,SYK,86.85369491577148,72.8,290.8800048828125,,,,Top Ranked
2026-05-05,europe,FRE.DE,74.86459612846375,71.1,40.65999984741211,,,,Top Ranked
2026-05-05,europe,BNP.PA,85.78011989593506,71.7,86.80999755859375,,,,Top Ranked
2026-05-05,europe,BBVA.MC,79.1221559047699,72.5,17.795000076293945,,,,Top Ranked
2026-05-06,ftse,WEIR.L,95.65824270248412,77.4,2516.0,,,,Top Ranked
2026-05-06,us,SYK,88.58591914176941,71.9,295.25,,,,Top Ranked
2026-05-06,europe,FRE.DE,83.46785306930542,74.3,39.310001373291016,,,,Top Ranked
2026-05-07,core,REL.L,90.22899866104126,71.9,2451.0,,,,Top Ranked
2026-05-07,ftse,REL.L,90.41556715965272,72.0,2447.6015625,,,,Top Ranked
2026-05-07,ftse,WEIR.L,95.6523060798645,79.3,2604.0,,,,Top Ranked
2026-05-07,us,SYK,88.5590136051178,72.2,292.3299865722656,,,,Top Ranked
2026-05-08,ftse,WEIR.L,94.58284974098206,78.9,2584.0,,,,Top Ranked
2026-05-08,us,SYK,87.87773251533508,72.9,294.2300109863281,,,,Top Ranked
2026-05-08,us,BKNG,78.30738425254822,71.8,171.27999877929688,,,,Top Ranked
2026-05-09,core,REL.L,85.7055127620697,70.1,2460.0,,,,Top Ranked
2026-05-09,ftse,REL.L,85.7055127620697,70.1,2460.0,,,,Top Ranked
2026-05-09,ftse,WEIR.L,95.53725123405457,79.3,2538.0,,,,Top Ranked
2026-05-09,us,SYK,90.0175154209137,73.8,285.4700012207031,,,,Top Ranked
2026-05-09,us,BKNG,84.84047651290894,74.4,165.92999267578125,,,,Top Ranked
2026-05-10,core,REL.L,85.7055127620697,70.1,2460.0,,,,Top Ranked
2026-05-10,ftse,REL.L,85.7055127620697,70.1,2460.0,,,,Top Ranked
2026-05-10,ftse,WEIR.L,95.53725123405457,79.3,2538.0,,,,Top Ranked
2026-05-10,us,SYK,90.0175154209137,73.8,285.4700012207031,,,,Top Ranked
2026-05-10,us,BKNG,84.84047651290894,74.4,165.92999267578125,,,,Top Ranked
2026-05-11,ftse,BA.L,80.65188527107239,70.2,1893.958984375,,,,Top Ranked
2026-05-11,ftse,WEIR.L,95.620459318161,77.7,2458.0,,,,Top Ranked
2026-05-11,us,SYK,90.0175154209137,73.8,285.4700012207031,,,,Top Ranked
2026-05-11,us,BKNG,84.84047651290894,74.4,165.92999267578125,,,,Top Ranked
2026-05-11,europe,UCB.BR,72.45975136756897,70.1,233.6499938964844,,,,Top Ranked
2026-05-12,ftse,WEIR.L,96.5328574180603,77.9,2458.0,,,,Top Ranked
2026-05-12,us,SYK,87.76758313179016,71.1,282.5799865722656,,,,Top Ranked
2026-05-12,us,BKNG,89.42731022834778,75.9,157.8000030517578,,,,Top Ranked
2026-05-13,core,REL.L,89.1095221042633,72.0,2429.0,,,,Top Ranked
2026-05-13,ftse,REL.L,89.1095221042633,72.0,2431.0,,,,Top Ranked
2026-05-13,ftse,WEIR.L,95.68060040473938,78.0,2436.0,,,,Top Ranked
2026-05-13,ftse,FUTR.L,80.1291823387146,71.0,294.79998779296875,,,,Top Ranked
2026-05-13,ftse,ROR.L,85.96359491348267,71.2,300.0,,,,Top Ranked
2026-05-13,us,MTD,83.1788420677185,72.4,1072.449951171875,,,,Top Ranked
2026-05-13,us,BLDR,86.01570725440979,71.1,72.77999877929688,,,,Top Ranked
2026-05-14,core,REL.L,88.20278644561768,71.5,2341.0,,,,Top Ranked
2026-05-14,ftse,REL.L,88.20278644561768,71.5,2341.0,,,,Top Ranked
2026-05-14,ftse,WEIR.L,96.32034301757812,78.5,2452.0,,,,Top Ranked
2026-05-14,ftse,FUTR.L,88.08823227882385,70.1,306.21099853515625,,,,Top Ranked
2026-05-14,us,DHR,82.82732367515564,70.1,165.99000549316406,,,,Top Ranked
2026-05-14,us,SHOP,81.452476978302,72.9,95.4000015258789,,,,Top Ranked
2026-05-14,us,BKNG,86.53190732002258,71.5,155.02999877929688,,,,Top Ranked
2026-05-15,ftse,WEIR.L,96.6739535331726,78.7,2466.0,,,,Top Ranked
2026-05-15,us,SHOP,81.4787745475769,73.3,97.41999816894533,,,,Top Ranked
2026-05-15,us,BKNG,90.11816382408142,74.5,154.47999572753906,,,,Top Ranked
2026-05-15,us,MTD,80.27239441871643,70.4,1041.9100341796875,,,,Top Ranked
2026-05-16,ftse,WEIR.L,96.54984474182127,78.6,2448.0,,,,Top Ranked
2026-05-16,us,DHR,86.70344948768616,71.3,161.91000366210938,,,,Top Ranked
2026-05-16,us,SHOP,78.63824963569641,72.1,100.27999877929688,,,,Top Ranked
2026-05-16,us,BKNG,88.77078890800476,73.9,154.1300048828125,,,,Top Ranked
2026-05-16,us,MTD,82.4300467967987,71.3,1031.6400146484375,,,,Top Ranked
2026-05-17,ftse,WEIR.L,96.54984474182127,78.6,2448.0,,,,Top Ranked
2026-05-17,us,DHR,86.70344948768616,71.3,161.91000366210938,,,,Top Ranked
2026-05-17,us,SHOP,78.63824963569641,72.1,100.27999877929688,,,,Top Ranked
2026-05-17,us,BKNG,88.77078890800476,73.9,154.1300048828125,,,,Top Ranked
2026-05-17,us,MTD,82.4300467967987,71.3,1031.6400146484375,,,,Top Ranked
2026-05-18,core,REL.L,85.11270880699158,71.9,2449.0,,,,Top Ranked
2026-05-18,ftse,REL.L,85.11270880699158,71.9,2448.39990234375,,,,Top Ranked
2026-05-18,ftse,WEIR.L,95.50802111625671,76.7,2434.0,,,,Top Ranked
2026-05-18,ftse,ROR.L,89.08144235610962,72.8,297.3999938964844,,,,Top Ranked
2026-05-18,us,DHR,86.70344948768616,71.3,161.91000366210938,,,,Top Ranked
2026-05-18,us,SHOP,78.63824963569641,72.1,100.27999877929688,,,,Top Ranked
2026-05-18,us,BKNG,88.77078890800476,73.9,154.1300048828125,,,,Top Ranked
2026-05-18,us,MTD,82.4300467967987,71.3,1031.6400146484375,,,,Top Ranked
2026-05-19,ftse,WEIR.L,92.83443689346312,76.5,2478.0,,,,Top Ranked
2026-05-19,us,BKNG,84.69856977462769,71.4,155.07000732421875,,,,Top Ranked
2026-05-20,ftse,WEIR.L,96.78198099136353,76.1,2432.0,,,,Top Ranked
2026-05-20,us,SHOP,88.88457417488098,71.2,101.01000213623048,,,,Top Ranked
2026-05-20,us,BKNG,86.9169533252716,74.9,154.5399932861328,,,,Top Ranked
2026-05-21,us,ANET,81.72924518585205,71.3,140.49000549316406,,,,Top Ranked
2026-05-21,europe,RWE.DE,82.58782625198364,75.1,56.09999847412109,,,,Top Ranked
2026-05-23,us,SHOP,84.70480442047119,72.8,103.0,,,,Top Ranked
2026-06-01,europe,FRE.DE,77.69898772239685,70.8,35.88999938964844,,,,Top Ranked
2026-06-02,europe,RWE.DE,82.5557291507721,71.5,55.15999984741211,,,,Top Ranked
2026-06-03,ftse,FRES.L,80.99678754806519,71.9,3232.0,,,,Top Ranked
2026-06-03,us,RMD,86.50258183479309,71.0,182.82000732421875,,,,Top Ranked
2026-06-03,us,CBOE,93.02599430084229,74.2,275.5899963378906,,,,Top Ranked
2026-06-03,europe,ACS.MC,85.13728380203247,71.6,122.3000030517578,,,,Top Ranked
2026-06-04,ftse,FRES.L,81.75726532936096,72.3,3176.0,,,,Top Ranked
2026-06-04,us,RMD,91.378253698349,73.7,186.4600067138672,,,,Top Ranked
2026-06-04,us,UHS,86.50789260864258,72.5,145.97999572753906,,,,Top Ranked
2026-06-04,us,CBOE,91.72500967979433,71.1,285.1000061035156,,,,Top Ranked
2026-06-05,ftse,PRU.L,84.41884517669678,70.6,971.4000244140624,,,,Top Ranked
2026-06-05,us,CBOE,86.4580512046814,72.0,286.0299987792969,,,,Top Ranked
2026-06-06,us,CBOE,87.37824559211731,72.4,281.9100036621094,,,,Top Ranked
2026-06-07,us,CBOE,87.37824559211731,72.4,281.9100036621094,,,,Top Ranked
2026-06-08,ftse,PRU.L,85.57893633842468,70.4,958.5999755859376,,,,Top Ranked
2026-06-08,us,CBOE,87.37824559211731,72.4,281.9100036621094,,,,Top Ranked
2026-06-09,ftse,PRU.L,84.85903739929199,70.7,948.0,,,,Top Ranked
2026-06-09,us,UHS,81.97928071022034,70.1,142.8699951171875,,,,Top Ranked
2026-06-10,ftse,FRES.L,88.83463144302368,73.2,2838.0,,,,Top Ranked
2026-06-10,ftse,SVT.L,93.6894953250885,72.6,2910.0,,,,Top Ranked
2026-06-10,ftse,WEIR.L,81.35541677474976,72.1,2330.39794921875,,,,Top Ranked
2026-06-10,ftse,DRX.L,78.54551672935486,71.4,781.5,,,,Top Ranked
2026-06-10,europe,OMV.VI,67.84697771072388,70.0,57.650001525878906,,,,Top Ranked
2026-06-10,europe,KGX.DE,84.3606948852539,71.7,38.04999923706055,,,,Top Ranked
2026-06-11,ftse,FRES.L,89.57722783088684,73.1,2865.0,,,,Top Ranked
2026-06-11,ftse,WEIR.L,87.49011158943176,76.7,2266.0,,,,Top Ranked
2026-06-11,ftse,DRX.L,83.9381456375122,73.4,784.5,,,,Top Ranked
2026-06-11,europe,FER.MC,92.79273748397829,73.1,56.0,,,,Top Ranked
2026-06-11,europe,KGX.DE,88.55375647544861,70.6,36.81999969482422,,,,Top Ranked
2026-06-12,ftse,WEIR.L,87.12220191955566,71.2,2352.0,,,,Top Ranked
2026-06-12,ftse,DRX.L,81.0226559638977,71.0,786.5,,,,Top Ranked
2026-06-12,ftse,RS1.L,85.05540490150452,72.2,628.0,,,,Top Ranked
2026-06-12,us,S,86.64015531539917,70.3,14.760000228881836,,,,Top Ranked
2026-06-13,ftse,WEIR.L,83.98700952529907,70.0,2324.0,,,,Top Ranked
2026-06-13,ftse,DRX.L,79.97286319732666,70.6,784.5,,,,Top Ranked
2026-06-13,ftse,RS1.L,84.30753946304321,71.9,628.5,,,,Top Ranked
2026-06-13,us,S,85.76614260673523,70.0,14.850000381469728,,,,Top Ranked
2026-06-14,ftse,WEIR.L,83.98700952529907,70.0,2324.0,,,,Top Ranked
2026-06-14,ftse,DRX.L,79.97286319732666,70.6,784.5,,,,Top Ranked
2026-06-14,ftse,RS1.L,84.30753946304321,71.9,628.5,,,,Top Ranked
2026-06-14,us,S,85.76614260673523,70.0,14.850000381469728,,,,Top Ranked
2026-06-15,ftse,DRX.L,78.3953309059143,72.8,772.5,,,,Top Ranked
2026-06-15,ftse,RS1.L,77.37174034118652,70.3,620.5,,,,Top Ranked
2026-06-15,us,S,85.76614260673523,70.0,14.850000381469728,,,,Top Ranked
2026-06-16,ftse,DRX.L,74.81405138969421,70.9,769.5,,,,Top Ranked
2026-06-17,us,CBOE,89.68585133552551,70.0,265.239990234375,,,,Top Ranked
2026-06-18,us,CBOE,89.96345400810242,71.4,254.69000244140625,,,,Top Ranked
2026-06-18,europe,TEF.MC,86.11407279968262,72.2,3.683000087738037,,,,Top Ranked
2026-06-19,us,NOW,88.03948163986206,72.6,95.04000091552734,,,,Top Ranked
2026-06-19,us,CBOE,91.68793559074402,72.0,249.1000061035156,,,,Top Ranked
2026-06-19,europe,TEF.MC,85.93920469284058,70.5,3.690999984741211,,,,Top Ranked
2026-06-19,europe,OMV.VI,74.62251782417297,71.2,56.0,,,,Top Ranked
2026-06-20,us,NOW,88.03948163986206,72.6,95.04000091552734,,,,Top Ranked
2026-06-20,us,CBOE,89.96345400810242,71.4,254.69000244140625,,,,Top Ranked
2026-06-20,europe,OMV.VI,71.72999978065491,70.0,55.900001525878906,,,,Top Ranked
2026-06-21,us,NOW,88.03948163986206,72.6,95.04000091552734,,,,Top Ranked
2026-06-21,us,CBOE,91.68793559074402,72.0,249.1000061035156,,,,Top Ranked
2026-06-21,europe,OMV.VI,71.72999978065491,70.0,55.900001525878906,,,,Top Ranked
2026-06-22,us,NOW,88.03948163986206,72.6,95.04000091552734,,,,Top Ranked
2026-06-22,us,CBOE,91.68793559074402,72.0,249.1000061035156,,,,Top Ranked
2026-06-22,europe,BMW.DE,86.60270571708679,70.1,59.619998931884766,,,,Top Ranked
2026-06-22,europe,OMV.VI,86.85303330421448,74.4,56.09999847412109,,,,Top Ranked
2026-06-22,europe,TKA.DE,80.12611269950867,72.9,10.34000015258789,,,,Top Ranked
2026-06-23,us,CRM,81.03155493736267,71.6,150.1199951171875,,,,Top Ranked
2026-06-23,us,NOW,85.24128794670105,71.4,93.01000213623048,,,,Top Ranked
2026-06-23,us,FOXA,86.22733354568481,70.1,49.38999938964844,,,,Top Ranked
2026-06-23,us,ZM,80.3951621055603,71.3,84.33999633789062,,,,Top Ranked
2026-06-23,europe,TEF.MC,81.90845251083374,71.1,3.608999967575073,,,,Top Ranked
2026-06-23,europe,OMV.VI,73.67149591445923,71.0,55.75,,,,Top Ranked
2026-06-23,europe,TKA.DE,80.50348162651062,72.0,10.229999542236328,,,,Top Ranked
2026-06-24,ftse,FRES.L,83.27874541282654,70.0,2828.864990234375,,,,Top Ranked
2026-06-24,us,CRM,77.39230990409851,70.8,153.4199981689453,,,,Top Ranked
2026-06-24,us,NOW,85.2365493774414,73.9,95.94000244140624,,,,Top Ranked
2026-06-24,us,ZM,87.04740405082703,73.5,86.44499969482422,,,,Top Ranked
2026-06-24,europe,ENI.MI,78.3372700214386,70.0,21.3799991607666,,,,Top Ranked
2026-06-25,ftse,QTX.L,85.32869219779968,70.3,221.5,,,,Top Ranked
2026-06-25,us,HUBS,80.1229476928711,70.3,180.72999572753903,,,,Top Ranked
2026-06-25,us,ZM,82.4858009815216,73.3,85.47000122070312,,,,Top Ranked
2026-06-25,europe,TEF.MC,82.18139410018921,70.8,3.650000095367432,,,,Top Ranked
2026-06-25,europe,OMV.VI,75.15368461608887,70.0,54.45000076293945,,,,Top Ranked
2026-06-26,us,NOW,81.91996216773987,71.2,89.5199966430664,,,,Top Ranked
2026-06-26,us,ZM,82.15935230255127,70.6,82.87999725341797,,,,Top Ranked
2026-06-26,europe,OMV.VI,85.92560291290283,70.7,54.5,,,,Top Ranked
2026-06-27,us,NOW,81.91996216773987,71.2,89.5199966430664,,,,Top Ranked
2026-06-27,us,ZM,82.15935230255127,70.6,82.87999725341797,,,,Top Ranked
2026-06-27,europe,OMV.VI,86.5216314792633,70.9,54.09999847412109,,,,Top Ranked
2026-06-28,europe,OMV.VI,86.5216314792633,70.9,54.09999847412109,,,,Top Ranked
2026-06-29,ftse,WPP.L,79.78952527046204,70.0,251.17300415039065,,,,Top Ranked
2026-06-29,ftse,PCIP.L,72.73123860359192,70.4,44.5,,,,Top Ranked
2026-06-30,core,REL.L,85.80837845802307,72.9,2344.0,,,,Top Ranked
2026-06-30,ftse,REL.L,85.80837845802307,72.9,2343.10791015625,,,,Top Ranked
2026-06-30,us,SLB,84.63844656944275,71.1,46.380001068115234,,,,Top Ranked
2026-06-30,us,ZM,80.81380724906921,71.7,86.13999938964844,,,,Top Ranked
2026-06-30,europe,ENI.MI,82.20837116241455,71.0,20.52499961853028,,,,Top Ranked
2026-07-01,us,ZM,78.534597158432,71.7,86.30999755859375,,,,Top Ranked
2026-07-01,us,CBOE,89.20427560806274,70.9,242.6699981689453,,,,Top Ranked
2026-07-01,europe,VK.PA,85.43529510498047,70.5,19.905000686645508,,,,Top Ranked
2026-07-02,core,RIO.L,88.31024765968323,72.5,7050.0,,,,Top Ranked
2026-07-02,ftse,RIO.L,86.29040718078613,71.7,7053.0,,,,Top Ranked
2026-07-02,us,VZ,90.02583026885986,74.3,41.9900016784668,,,,Top Ranked
2026-07-02,europe,VOW3.DE,87.38630414009094,70.9,71.72000122070312,,,,Top Ranked
2026-07-02,europe,VK.PA,90.5255377292633,74.1,19.959999084472656,,,,Top Ranked
2026-07-03,us,COP,79.98639345169067,70.8,104.7300033569336,,,,Top Ranked
2026-07-03,europe,VOW3.DE,90.7227635383606,72.2,74.27999877929688,,,,Top Ranked
2026-07-04,us,COP,79.98639345169067,70.8,104.7300033569336,,,,Top Ranked
2026-07-04,europe,VK.PA,82.03637599945068,70.2,20.559999465942383,,,,Top Ranked
2026-07-05,us,COP,79.98639345169067,70.8,104.7300033569336,,,,Top Ranked
2026-07-05,europe,BMW.DE,87.34345436096191,70.0,60.560001373291016,,,,Top Ranked
2026-07-05,europe,VOW3.DE,90.01672267913818,71.4,74.66000366210938,,,,Top Ranked
2026-07-05,europe,VK.PA,82.03637599945068,70.2,20.559999465942383,,,,Top Ranked
2026-07-06,us,COP,79.98639345169067,70.8,104.7300033569336,,,,Top Ranked
2026-07-06,europe,VOW3.DE,92.42193698883057,73.9,75.36000061035156,,,,Top Ranked
2026-07-07,us,COP,84.76211428642273,74.5,103.58000183105467,,,,Top Ranked
2026-07-07,us,VZ,83.68049263954163,71.0,42.06999969482422,,,,Top Ranked
2026-07-07,us,BG,87.5823438167572,71.2,108.77999877929688,,,,Top Ranked
2026-07-07,europe,BMW.DE,85.20639538764954,71.4,60.959999084472656,,,,Top Ranked
2026-07-08,ftse,FRES.L,76.44777297973633,70.7,2656.0,,,,Top Ranked
2026-07-08,europe,VOW3.DE,92.8370475769043,73.8,74.45999908447266,,,,Top Ranked
2026-07-09,ftse,BHP.L,70.5903172492981,70.1,2949.0,,,,Top Ranked
2026-07-09,ftse,FRES.L,78.59143614768982,72.0,2620.0,,,,Top Ranked
2026-07-09,europe,VOW3.DE,86.9500994682312,72.5,71.83999633789062,,,,Top Ranked
2026-07-11,europe,VOW3.DE,87.20811009407043,72.6,71.5199966430664,,,,Top Ranked
2026-07-12,europe,VOW3.DE,88.91196250915527,72.4,70.9800033569336,,,,Top Ranked
2026-07-14,europe,VOW3.DE,88.45624327659607,71.0,70.9800033569336,,,,Top Ranked
2026-07-16,us,ALB,79.11394238471985,70.3,124.73999786376952,,,,Top Ranked
2026-07-17,us,QCOM,88.98783922195435,71.6,170.61000061035156,,,,Top Ranked
2026-07-17,us,MU,67.95091032981873,71.3,853.2000122070312,,,,Top Ranked
2026-07-17,us,ALB,81.75716996192932,73.1,119.45999908447266,,,,Top Ranked
2026-07-17,europe,FER.MC,80.82714676856995,71.9,55.91999816894531,,,,Top Ranked
2026-07-18,us,SNPS,93.09371709823608,70.0,384.2799987792969,,,,Top Ranked
2026-07-18,us,GLW,89.00532722473145,77.3,154.61000061035156,,,,Top Ranked
2026-07-18,europe,FER.MC,78.71760725975037,71.1,55.81999969482422,,,,Top Ranked
2026-07-19,us,SNPS,93.09371709823608,70.0,384.2799987792969,,,,Top Ranked
2026-07-19,us,GLW,89.00532722473145,77.3,154.61000061035156,,,,Top Ranked
2026-07-19,europe,FER.MC,78.89042496681213,70.0,55.7599983215332,,,,Top Ranked
2026-07-20,us,SNPS,93.09371709823608,70.0,384.2799987792969,,,,Top Ranked
2026-07-20,us,GLW,89.00532722473145,77.3,154.61000061035156,,,,Top Ranked
2026-07-21,us,SNPS,91.85171723365784,70.2,378.4599914550781,,,,Top Ranked
2026-07-21,us,GLW,94.055837392807,76.5,153.10000610351562,,,,Top Ranked
2026-07-22,us,ENTG,79.40372228622437,72.9,140.1699981689453,,,,Top Ranked
2026-07-22,us,GLW,93.25995445251463,74.7,162.41000366210938,,,,Top Ranked
2026-07-23,ftse,STJ.L,78.58378291130066,71.3,1062.0,,,,Top Ranked
2026-07-23,us,SNPS,95.10526657104492,72.2,377.6099853515625,,,,Top Ranked
2026-07-23,us,GLW,91.00849628448486,74.4,154.05999755859375,,,,Top Ranked
2026-07-24,ftse,SMT.L,84.74891781806946,70.6,1318.5,,,,Top Ranked
2026-07-24,ftse,STJ.L,79.87671494483948,71.8,1070.0,,,,Top Ranked
2026-07-24,us,ISRG,82.28222131729126,70.1,332.0199890136719,,,,Top Ranked
2026-07-24,us,SNPS,91.41762852668762,70.2,373.5199890136719,,,,Top Ranked
2026-07-24,us,GLW,90.3715193271637,73.3,156.05999755859375,,,,Top Ranked
2026-07-24,europe,RYA.IR,88.62352967262268,70.0,23.530000686645508,,,,Top Ranked
2026-07-25,ftse,RR.L,78.86359095573425,70.2,1359.0,,,,Top Ranked
2026-07-25,ftse,STJ.L,83.80967974662781,73.4,1066.0,,,,Top Ranked
2026-07-25,us,ISRG,82.28222131729126,70.1,332.0199890136719,,,,Top Ranked
2026-07-25,us,SNPS,91.41762852668762,70.2,373.5199890136719,,,,Top Ranked
2026-07-25,us,GLW,90.3715193271637,73.3,156.05999755859375,,,,Top Ranked
2026-07-25,europe,FER.MC,78.63757014274597,70.2,55.52000045776367,,,,Top Ranked
2026-07-25,europe,PST.MI,77.63287425041199,71.2,27.13999938964844,,,,Top Ranked
2026-07-26,ftse,STJ.L,84.34947729110718,71.6,1071.0,,,,Top Ranked
2026-07-26,us,GLW,89.73409533500671,73.1,146.64999389648438,,,,Top Ranked
2026-07-26,europe,FER.MC,79.7032356262207,71.3,55.70000076293945,,,,Top Ranked
2026-07-26,europe,PST.MI,74.65794086456299,70.0,26.14999961853028,,,,Top Ranked
2026-07-26,europe,ERIC-B.ST,87.404465675354,72.5,91.5199966430664,,,,Top Ranked
2026-07-27,us,ISRG,82.28222131729126,70.1,332.0199890136719,,,,Top Ranked
2026-07-27,us,SNPS,91.41762852668762,70.2,373.5199890136719,,,,Top Ranked
2026-07-27,us,GLW,90.3715193271637,73.3,156.05999755859375,,,,Top Ranked
2026-07-27,europe,FER.MC,80.49559593200684,70.2,55.68000030517578,,,,Top Ranked
2026-07-28,ftse,STJ.L,81.4406156539917,71.2,1085.5,,,,Top Ranked
2026-07-28,us,GLW,89.83221054077148,72.9,143.36000061035156,,,,Top Ranked
2026-07-28,europe,FER.MC,82.08996057510376,74.6,55.2400016784668,,,,Top Ranked
2026-07-28,europe,DSV.CO,76.800537109375,71.3,1398.0,,,,Top Ranked
2026-07-29,us,GLW,85.9978437423706,73.3,143.36000061035156,,,,Top Ranked
2026-07-29,europe,SAND.ST,87.32688426971436,71.0,347.8999938964844,,,,Top Ranked
2026-07-29,europe,DSV.CO,77.1090567111969,70.0,1426.5,,,,Top Ranked
2026-07-30,ftse,STJ.L,80.35807013511658,70.3,1077.0,,,,Top Ranked
2026-07-30,ftse,HRI.L,92.77765154838562,74.3,2925.0,,,,Top Ranked
2026-07-30,us,CAT,79.71487045288086,71.4,782.7100219726562,,,,Top Ranked
2026-07-30,us,ANET,76.64660811424255,70.4,157.97000122070312,,,,Top Ranked
2026-07-30,us,GLW,82.13728070259094,71.0,124.0500030517578,,,,Top Ranked
2026-07-30,us,LSTR,92.66278147697447,72.5,177.8300018310547,,,,Top Ranked
2026-07-30,europe,ENGI.PA,88.76615166664124,70.7,26.190000534057617,,,,Top Ranked
2026-07-30,europe,ABBN.SW,90.4271960258484,73.4,76.5199966430664,,,,Top Ranked
2026-07-30,europe,SAND.ST,81.7264199256897,74.0,348.1000061035156,,,,Top Ranked
2026-07-31,us,KLAC,86.47838830947876,73.1,180.3300018310547,,,,Top Ranked
2026-07-31,us,GLW,86.3271713256836,72.8,135.22000122070312,,,,Top Ranked
2026-07-31,us,LSTR,90.89791774749756,71.1,169.33999633789062,,,,Top Ranked
2026-08-01,us,GLW,83.80788564682007,71.8,138.25,,,,Top Ranked
2026-08-01,us,LSTR,91.47330522537231,71.3,174.77000427246094,,,,Top Ranked
2026-08-01,europe,SAND.ST,84.52579379081726,70.3,355.0,,,,Top Ranked
2026-08-01,europe,DSV.CO,79.89075183868408,70.6,1419.5,,,,Top Ranked
2026-08-02,ftse,STJ.L,87.68031597137451,70.0,1053.5,,,,Top Ranked
2026-08-02,us,GLW,83.80788564682007,71.8,138.25,,,,Top Ranked
2026-08-02,us,LSTR,91.47330522537231,71.3,174.77000427246094,,,,Top Ranked
2026-08-02,europe,SAND.ST,84.52579379081726,70.3,355.0,,,,Top Ranked
2026-08-02,europe,DSV.CO,79.89075183868408,70.6,1419.5,,,,Top Ranked
2026-08-03,ftse,CMCX.L,90.02291560173035,70.2,666.0,,,,Top Ranked
2026-08-03,us,GLW,83.80788564682007,71.8,138.25,,,,Top Ranked
2026-08-03,us,LSTR,91.47330522537231,71.3,174.77000427246094,,,,Top Ranked
2026-08-03,europe,DSV.CO,78.38380336761475,70.7,1403.5,,,,Top Ranked
2026-08-04,us,GLW,85.41774153709412,72.6,138.25,,,,Top Ranked
2026-08-04,us,LSTR,91.58287644386292,70.2,174.77000427246094,,,,Top Ranked
2026-08-04,europe,NESN.SW,93.03300976753236,70.2,80.47000122070312,,,,Top Ranked
2026-08-04,europe,DSV.CO,76.06582045555115,71.1,1378.0,,,,Top Ranked
2026-08-05,europe,DSV.CO,79.95839715003967,71.0,1367.0,,,,Top Ranked
2026-08-06,us,XPO,84.78212356567383,73.6,200.17999267578125,,,,Top Ranked
2026-08-06,europe,DSV.CO,79.09330725669861,70.8,1349.5,,,,Top Ranked
2026-08-07,us,XPO,79.19836640357971,72.4,196.3500061035156,,,,Top Ranked
2026-08-07,europe,DSV.CO,89.1927719116211,74.9,1333.5,,,,Top Ranked
2026-08-08,europe,SRG.MI,77.0546555519104,71.5,5.800000190734863,,,,Top Ranked
2026-08-08,europe,DSV.CO,89.11816477775574,74.8,1333.5,,,,Top Ranked
2026-08-09,europe,SRG.MI,87.14867234230042,73.6,5.8379998207092285,,,,Top Ranked
2026-08-09,europe,DSV.CO,83.51881504058838,73.1,1349.0,,,,Top Ranked
2026-08-10,europe,SRG.MI,87.14867234230042,73.6,5.8379998207092285,,,,Top Ranked
2026-08-10,europe,DSV.CO,83.51881504058838,73.1,1349.0,,,,Top Ranked
