Ticker,Latest Price ($),Daily Return,Volatility,Predicted Prob Up (%),Accuracy (%),Precision (%),Recall (%),F1 Score (%),RSI_14,Top Features,Score,Rating,Model,Feature_Set
ABF.L,1843.5,-0.00887096774193552,0.017585591799,94.72866147588275,62.083333333333336,43.351471658272814,35.147881989987255,35.78392258311775,18.523878437047756,"Volatility_30, RSI_14, RSI_x_Vol",76.5,Top Ranked,lightgbm,interactions
LLY,1115.699951171875,-0.006500488716050801,0.020593514579490706,92.01828513108217,51.789473684210535,40.42374995975402,35.796651180797525,36.80659727887517,2.4829288263054394,"Z_Score_20, Volume_MA_Ratio, Volatility_30",72.8,Top Ranked,lightgbm,interactions
CNA.L,150.89999389648438,-0.00033125573215453397,0.009892277721424427,93.59349068757729,63.958333333333336,50.096006144393236,39.70931428917267,41.848437749431234,41.42857142857144,"Volatility_30, Trend_x_Vol, Z_Score_20",69.0,Above Average,lightgbm,interactions
LAND.L,630.5,0.0007936507936507908,0.011533596575994919,72.34729483586602,61.875,46.831395348837205,32.3249641103631,35.370372590150836,18.78453038674033,"Volatility_30, RSI_x_Vol, Trend_x_Vol",68.3,Above Average,lightgbm,interactions
EDV.L,4593.0,0.019307589880159792,0.027799727415494448,90.20254941272186,50.833333333333336,50.054292929292934,38.83745791245791,42.65176488932916,45.601617795753285,"Volatility_30, Return_10d, Z_Score_20",65.2,Above Average,lightgbm,interactions
FRES.L,3014.0,0.018587360594795488,0.028749078033694322,73.66589146067311,51.666666666666664,55.850815850815856,40.64519726554379,42.30362877339147,35.25179856115108,"Volatility_30, Volume_MA_Ratio, Return_5d",65.1,Above Average,lightgbm,interactions
NG.L,1130.5,0.0017722640673460965,0.010012871991894509,84.6500982820217,59.58333333333333,38.869179600886916,29.83538083538084,27.707537745273594,30.985915492957744,"Volatility_30, Return_10d, RSI_14",64.7,Above Average,lightgbm,interactions
HO.PA,226.8000030517578,0.007552185260538913,0.014104520862372447,78.68157976476154,54.22680412371134,31.002615518744552,29.45482295482295,29.75859995894308,5.7238960367731835,"Volatility_30, RSI_x_Vol, Return_10d",64.5,Above Average,lightgbm,interactions
ANTO.L,3790.0,0.005038451339167249,0.030747360609742484,82.35217411208336,54.791666666666664,53.39071976616733,31.627816627816628,38.49820370072941,44.255744255744254,"Volatility_30, RSI_x_Vol, Return_5d",63.0,Above Average,lightgbm,interactions
ENGI.PA,23.979999542236328,-0.013168712134615124,0.013478367719385362,79.24333690096684,60.618556701030926,37.61654097536451,26.173148280291137,30.262979163441788,33.07492966964942,"Volatility_30, Return_10d, Volume_MA_Ratio",62.8,Above Average,lightgbm,interactions
MS,214.3800048828125,0.008088033438746756,0.01352360391673194,90.23381098254939,56.8421052631579,43.033749791770774,24.55994525956836,28.385484484555697,50.38202002682592,"Volatility_30, Return_10d, Momentum_x_Vol",62.5,Above Average,lightgbm,interactions
KER.PA,238.60000610351562,0.019004964010370884,0.02097407117758954,75.8743851964312,59.79381443298969,45.859649122807014,18.036343732895457,24.342854885227773,35.93189545153869,"Volatility_30, Return_10d, Return_5d",62.4,Above Average,lightgbm,interactions
CSCO,112.12999725341797,0.043652221755760445,0.022930448833932648,89.26100784733093,54.315789473684205,39.831318107180174,28.688141923436035,32.818584825234446,53.545861308643914,"Volatility_30, Volume_MA_Ratio, Momentum_x_Vol",61.4,Above Average,lightgbm,interactions
BNZL.L,2566.0,-0.002332814930015581,0.009235380736717275,64.11718079929919,61.041666666666664,38.662561576354676,27.67919799498747,24.96723520326005,20.98765432098766,"Volatility_30, Return_5d, Return_10d",61.3,Above Average,lightgbm,interactions
LSEG.L,8238.0,-0.03218984962406013,0.017419943800456136,84.36071723141175,59.16666666666667,38.03703703703703,31.788787424469582,30.81814875431897,41.431261770244824,"Volatility_30, Trend_MA50, Z_Score_20",59.7,Neutral,lightgbm,interactions
HLN.L,333.79998779296875,-0.007138680329923819,0.012250742545300786,54.88580039575916,62.29166666666667,36.90363085547847,33.915761657697146,34.6392972192628,23.978649604273983,"Volatility_30, Return_5d, Return_10d",58.8,Neutral,lightgbm,interactions
ZAL.DE,22.31999969482422,0.0022451385735431373,0.031668123719981574,80.69148892560173,56.875,41.96291560102302,24.107142857142854,30.192436231374245,46.2418224776019,"Volatility_30, Return_5d, Momentum_x_Vol",58.7,Neutral,lightgbm,interactions
ADS.DE,142.75,0.0003504068172892616,0.017787917111198995,62.354484132455255,51.458333333333336,31.845466155810982,42.134514947418175,35.17716481814874,26.12247007877889,"Volatility_30, Return_10d, Return_5d",58.5,Neutral,lightgbm,interactions
BARC.L,493.75,0.019407440441892687,0.011838436671190083,87.9607100564609,52.916666666666664,34.153427684984486,22.985559135935073,27.13812627658296,50.79805381859953,"Volatility_30, RSI_x_Vol, RSI_x_Trend",58.4,Neutral,lightgbm,interactions
AAL.L,3990.0,0.004531722054380571,0.02346480243268215,70.67229818265616,54.375,54.97760518237122,27.912953060011887,36.50045066493495,45.81976112920738,"Volatility_30, Return_5d, Return_10d",58.4,Neutral,lightgbm,interactions
TSLA,365.44000244140625,0.0051710993933249405,0.028266374099903464,67.78430318012359,54.315789473684205,48.87732506388721,46.77859648175985,45.65588355933183,51.000937690912444,"Volatility_30, Volume_MA_Ratio, Z_Score_20",57.0,Neutral,lightgbm,interactions
ITRK.L,5850.0,0.0,0.000908276326451056,82.19744169820576,57.916666666666664,30.928175138701455,32.37926709722062,31.46841283040095,55.55555555555556,"Volatility_30, Volume_MA_Ratio, Return_10d",56.9,Neutral,lightgbm,interactions
BATS.L,4100.0,0.0019550342130987275,0.015108958926530127,77.55958435222512,56.45833333333333,40.74009324009324,22.10661797464241,27.22978351766406,47.62633996937213,"Volatility_30, RSI_14, RSI_x_Vol",56.6,Neutral,lightgbm,interactions
GS,1029.1800537109375,0.009227604263177813,0.01516700700186095,82.93140785863915,52.8421052631579,35.89244663382594,19.617520215633427,25.2873112659698,46.565569605961386,"Volatility_30, RSI_14, Momentum_x_Vol",56.5,Neutral,lightgbm,interactions
NXT.L,14685.0,-0.015420717398592076,0.015272676453218954,56.90168515313058,60.20833333333333,42.521929824561404,44.33443295512261,40.11092715844991,35.64593301435406,"Volatility_30, RSI_14, Trend_MA50",56.4,Neutral,lightgbm,interactions
AMD,516.1300048828125,0.024880855098165622,0.03377580559571155,85.0325841667974,50.736842105263165,47.467119153601494,28.71127261967507,32.84851188765507,62.560051888836604,"Volatility_30, Volume_MA_Ratio, RSI_14",56.0,Neutral,lightgbm,interactions
GSK.L,1770.5,-0.0028161081385524867,0.012193785062753232,62.93939282248876,57.916666666666664,24.74555870093395,14.503295167088272,17.910823745036147,19.294605809128626,"Volatility_30, RSI_x_Vol, Return_10d",55.6,Neutral,lightgbm,interactions
INF.L,889.4000244140625,0.01715461983209754,0.013857865013963029,71.77346335668537,55.833333333333336,41.17469510326653,38.95585387029987,35.25387538360559,45.622134289519444,"Volatility_30, Momentum_20, Z_Score_20",55.5,Neutral,lightgbm,interactions
ATO.PA,24.81999969482422,-0.007993635462840043,0.016247900752137324,48.6318333733258,54.22680412371134,39.93795464270433,28.2142025029956,32.243754635962134,14.715706156016012,"Volatility_30, Trend_MA50, Z_Score_20",55.1,Neutral,lightgbm,interactions
AUTO.L,489.3999938964844,0.009488461673559323,0.019367274328969276,59.455878153446164,51.666666666666664,28.978762856728963,33.344881812374076,23.98379213782755,25.882361690652885,"Volatility_30, RSI_x_Vol, Return_5d",55.0,Neutral,lightgbm,interactions
HEI.DE,154.9499969482422,0.0022638475479246356,0.01759639551984513,72.3628129395806,49.583333333333336,43.11646142653122,40.091353960939216,34.89948719984879,44.252151413974936,"Volatility_30, RSI_x_Vol, Momentum_20",54.9,Neutral,lightgbm,interactions
EXPN.L,2782.0,0.0010795250089961073,0.01977446734447184,62.41858421255385,62.70833333333333,29.60394265232975,34.22452636968766,30.748632974316486,36.76703645007924,"Volatility_30, Return_10d, Return_5d",54.5,Neutral,lightgbm,interactions
DG.PA,111.44999694824219,0.008141057183535416,0.012343461037432007,39.773645637519046,64.12371134020619,41.01476998820452,32.746286393345216,35.74176218347019,29.610357594959282,"Volatility_30, RSI_x_Vol, Return_10d",54.3,Neutral,lightgbm,interactions
INTC,102.94000244140625,0.026116454889873797,0.037745348954065394,75.83726397050161,57.05263157894736,49.792270531400966,24.594410663089537,30.31709551290396,67.55799122650527,"Volatility_30, Return_5d, RSI_x_Vol",53.7,Neutral,lightgbm,interactions
TXN,268.70001220703125,0.0381732656024385,0.020957771968541608,75.47046964414606,50.315789473684205,34.15877110694184,34.23001758843072,32.84742015831566,54.0485343584815,"Volatility_30, Return_5d, Return_10d",53.7,Neutral,lightgbm,interactions
ADBE,252.22999572753906,0.013663922643833093,0.02735239835776357,50.083974270461184,57.473684210526315,44.086195538594346,43.56247719715212,40.85070422535212,35.99611648255278,"Return_5d, Volatility_30, Return_10d",53.7,Neutral,lightgbm,interactions
BMY,63.63999938964844,-0.0017254997702206287,0.015343043662755749,43.13488091585549,53.894736842105274,38.264032885881626,37.666642725466254,37.20416177319304,29.476191316969917,"Return_5d, RSI_14, Volatility_30",53.2,Neutral,lightgbm,interactions
AMAT,456.489990234375,0.005462391611211981,0.029214870833123442,61.09491319873468,46.10526315789474,39.46423863706552,27.6656299909021,29.652185652185654,35.03965121002578,"Volatility_30, Trend_x_Vol, Volume_MA_Ratio",53.0,Neutral,lightgbm,interactions
GLE.PA,74.72000122070312,0.011369842968507848,0.01532584632630126,55.006472673779086,54.22680412371134,57.48786032085172,29.77822585819424,36.39971809952408,44.37298187404748,"Volatility_30, Return_5d, Momentum_20",52.7,Neutral,lightgbm,interactions
JPM,356.2300109863281,0.007551797279588657,0.008477289417872994,59.0951189322132,60.21052631578948,45.303546383490286,34.79366409320326,37.038675578264,56.772546412024276,"Volatility_30, Trend_MA50, RSI_x_Vol",52.6,Neutral,lightgbm,interactions
BA.L,1898.0,-0.013257083441642892,0.0143123915747775,44.18686393887485,52.5,35.70479082321188,39.9668793195109,36.990549348783645,10.416666666666671,"Volatility_30, RSI_x_Vol, Return_10d",52.6,Neutral,lightgbm,interactions
FME.DE,38.439998626708984,-0.0012991179417325416,0.015996392744450662,33.59111450232156,60.625,44.50902898271319,37.35637973137973,39.199270872404,26.12364516975896,"Volatility_30, Trend_MA50, Z_Score_20",52.6,Neutral,lightgbm,interactions
ABBV,257.1199951171875,0.008313706341911864,0.01487781743315973,73.38291511855073,55.1578947368421,30.347222222222218,17.576411826612308,20.705967050794634,40.08600329719184,"Volatility_30, Return_5d, Return_10d",51.1,Neutral,lightgbm,interactions
ML.PA,33.459999084472656,-0.0017900170785086766,0.0112777577580791,55.14861338622657,55.051546391752574,34.64863727264823,31.900960189880248,29.176606664045146,39.67682595254434,"Volatility_30, Volume_MA_Ratio, Trend_MA50",51.1,Neutral,lightgbm,interactions
MC.PA,415.29998779296875,0.02164818645256772,0.01654875912447514,63.193716707893145,53.402061855670105,28.0605136028477,19.188922224408156,20.49091327352197,30.665264506960042,"Volatility_30, Volume_MA_Ratio, RSI_14",51.0,Neutral,lightgbm,interactions
NWG.L,697.7999877929688,0.022567354671666928,0.012341870354671412,53.453951911340866,55.83333333333333,52.685433598989974,27.261772995547766,35.52091721470633,59.162315376405246,"Volatility_30, Return_10d, Momentum_20",51.0,Neutral,lightgbm,interactions
CON.DE,70.5199966430664,-0.002545973308988314,0.015299247829974221,56.84542109680988,59.166666666666664,46.35811556864188,23.007904376325424,29.480903251805405,56.85039105185409,"Volatility_30, Return_10d, Momentum_x_Vol",50.6,Neutral,lightgbm,interactions
SIE.DE,264.6499938964844,0.025377712662051577,0.01645422127304968,45.00933032188445,59.583333333333336,43.451243510067044,28.71262098335269,30.56866837658314,35.51658085701544,"Volatility_30, Return_10d, Trend_MA50",50.4,Neutral,lightgbm,interactions
PGR,217.6199951171875,0.006614518061115238,0.015323102302768956,67.54832770079648,58.31578947368422,29.424412647942063,29.62727362727363,28.364854215918047,47.30343773888334,"Volatility_30, Return_10d, RSI_14",50.3,Neutral,lightgbm,interactions
TFC,50.400001525878906,0.0013908144700489622,0.011312448110975672,66.84889687987791,58.10526315789474,31.190476190476186,19.62968704912439,22.03696086049027,49.85121564932079,"Volatility_30, RSI_14, Return_10d",49.5,Below Average,lightgbm,interactions
FRE.DE,45.040000915527344,0.0074935481657880665,0.013046676065053622,49.907283653806054,54.58333333333333,35.225756322530515,33.62668086806018,31.82376511370297,37.17107657249554,"Volatility_30, Trend_MA50, Return_5d",49.5,Below Average,lightgbm,interactions
VIE.PA,31.440000534057617,0.0,0.012107902770288972,42.56757955642721,59.38144329896907,30.378851540616246,19.36309131431083,18.673032916740006,12.250679120053874,"Volatility_30, Trend_x_Vol, RSI_14",49.3,Below Average,lightgbm,interactions
SPGI,410.7099914550781,0.000706539685825458,0.01692906532450895,55.054808989941264,54.315789473684205,28.195677707305617,29.486633249791147,27.07190951125377,39.489262110246116,"Volatility_30, Return_5d, Volume_MA_Ratio",49.0,Below Average,lightgbm,interactions
DCC.L,6330.0,0.0,0.0022924798896661884,42.44558851797965,66.875,38.14646464646464,21.633898033561614,26.707568998936768,38.888888888888886,"Volatility_30, Return_5d, RSI_x_Vol",48.9,Below Average,lightgbm,interactions
HLMA.L,3634.0,0.012820512820512775,0.018444669058709992,53.59770786769646,57.083333333333336,43.46022451979535,30.50908948774803,33.625661318142946,58.423913043478265,"Volatility_30, RSI_14, Z_Score_20",48.8,Below Average,lightgbm,interactions
PUM.DE,21.690000534057617,-0.023852331038477503,0.015846668147156927,27.84441947798788,58.958333333333336,42.809767385214954,28.66233766233766,33.125554126797766,22.749602687893272,"Volatility_30, Return_5d, Z_Score_20",48.6,Below Average,lightgbm,interactions
MRK.DE,131.4499969482422,-0.0015191565325817225,0.010395828457057537,37.81599334884643,62.08333333333333,29.15374947633012,22.6256038647343,23.132044013682332,27.58625406987879,"Volatility_30, Momentum_x_Vol, Trend_MA50",48.3,Below Average,lightgbm,interactions
KGF.L,288.5,0.0003467618087105162,0.015574826191387057,46.98330929870413,49.16666666666666,24.197945845004668,23.34767127870576,21.493470719782817,23.96823843649092,"Volatility_30, RSI_x_Trend, Momentum_20",47.9,Below Average,lightgbm,interactions
MUV2.DE,503.3999938964844,0.010843361237920401,0.012090019273458626,33.180517384291235,60.833333333333336,43.890621320408556,48.699595423733356,43.46061231510148,39.54978085658508,"Volatility_30, Return_5d, RSI_x_Trend",47.9,Below Average,lightgbm,interactions
BLK,1079.6500244140625,0.016236821916032707,0.014339140969392627,21.3698059885934,60.63157894736842,48.33299232736573,28.415550857411326,32.35725868653235,29.733294642150526,"Volatility_30, Return_10d, Momentum_x_Vol",47.6,Below Average,lightgbm,interactions
IAG.L,419.70001220703125,0.017948155792278042,0.014760661247799421,51.615301955983696,52.8421052631579,45.274999091932735,27.99898112398112,33.41731021903424,48.06764718348663,"Volatility_30, Return_5d, RSI_x_Trend",47.5,Below Average,lightgbm,interactions
UNH,379.0899963378906,-0.023668493021269277,0.013068488672101019,46.6140595176088,55.789473684210535,44.10869903516963,51.231295586134294,44.33237170466272,41.85153443064791,"Volatility_30, Return_10d, Z_Score_20",47.5,Below Average,lightgbm,interactions
BNP.PA,103.76000213623047,0.010911951999631242,0.013685440471857909,37.62292684226405,56.08247422680413,44.01960784313725,26.55868250990202,32.49801662615436,38.77551394242417,"RSI_x_Vol, Volatility_30, Return_5d",47.1,Below Average,lightgbm,interactions
GOOGL,338.5,0.01773900718043908,0.021474363671163798,46.356737036907234,56.421052631578945,52.44252873563219,22.504467769135893,27.171856503586746,44.28571270898728,"Volatility_30, Volume_MA_Ratio, Return_10d",47.0,Below Average,lightgbm,interactions
AZN.L,11708.0,-0.00425242388161251,0.02179976755258339,36.45568246908486,63.541666666666664,36.097170106316455,39.26977687626774,37.160510554996755,36.145833333333336,"Volatility_30, Return_10d, RSI_x_Vol",46.9,Below Average,lightgbm,interactions
HSBA.L,1552.5999755859375,0.0154349088201029,0.012590041812049434,38.139374155097855,59.16666666666667,59.995898838004095,21.119722988009432,30.1437641723356,58.68020141006877,"Volatility_30, RSI_14, RSI_x_Trend",46.6,Below Average,lightgbm,interactions
SAN.PA,73.26000213623047,-0.004213640884594971,0.01009627794544322,32.914978159365965,61.85567010309278,29.220439691027927,22.140563421398337,24.312167678638808,11.095945244020086,"Volatility_30, RSI_x_Vol, Volume_MA_Ratio",46.5,Below Average,lightgbm,interactions
AON,302.69000244140625,-0.016505789237429402,0.021530082708986896,27.320768204719574,61.473684210526315,33.81145211707871,26.956842885857576,28.957321272451757,22.968249262082864,"Volatility_30, RSI_x_Vol, Return_5d",46.0,Below Average,lightgbm,interactions
EL.PA,146.39999389648438,0.0037709137466774845,0.01603647450599427,32.74921171252389,56.082474226804116,31.13217448815275,26.956115779645188,22.6609416729376,17.31516527882917,"Volatility_30, Momentum_20, RSI_14",45.5,Below Average,lightgbm,interactions
OCDO.L,203.39999389648438,0.009930486894790924,0.04694391077691193,36.85721473230911,57.91666666666667,37.03353973168215,24.89766221574002,27.482852480348136,31.06382654068318,"Volatility_30, Trend_MA50, Z_Score_20",44.7,Below Average,lightgbm,interactions
ICE,157.39999389648438,0.010204713194303716,0.013873289435499111,50.10846342723797,57.89473684210526,30.759968386656066,40.362762973352034,33.50108450150038,42.722100626158834,"Volatility_30, Volume_MA_Ratio, Trend_x_Vol",44.3,Below Average,lightgbm,interactions
IHG.L,153.5,0.00754836790556479,0.015279307004677528,34.154045177749836,58.54166666666667,36.33771929824561,31.119218296637648,32.076588709841495,39.175260434827976,"Return_5d, Return_10d, Volatility_30",44.3,Below Average,lightgbm,interactions
LGEN.L,287.1000061035156,0.0038461751871174954,0.014184995030557621,44.324193851781146,65.41666666666667,37.702219349278174,19.622077922077924,24.839312569232106,54.49275849471516,"Volume_MA_Ratio, Volatility_30, Return_5d",44.0,Below Average,lightgbm,interactions
ADM.L,3786.0,0.0,0.017017501261829403,17.171271326771652,66.04166666666666,53.19261974584555,29.810143836787383,37.80770272428664,34.42622950819671,"Momentum_20, Volatility_30, Return_10d",44.0,Below Average,lightgbm,interactions
BT-A.L,201.5,0.007500000000000062,0.009329367383799114,39.0259760527603,54.375,48.655235373501625,35.61505161505161,32.91071330041571,43.142874581473215,"Volatility_30, Return_5d, Z_Score_20",43.6,Below Average,lightgbm,interactions
CRDA.L,3177.0,-0.008426966292134797,0.017796052585291103,20.774970446674647,59.375,38.45743695588897,20.172829131652662,24.525902550559504,25.849056603773576,"Volatility_30, RSI_x_Vol, Trend_MA50",43.5,Below Average,lightgbm,interactions
ALV.DE,442.29998779296875,0.006370848220634162,0.00911942104282425,35.46778418264475,61.45833333333333,47.37709985149387,27.769803634408095,33.69394609397043,51.327435062304545,"Volatility_30, Return_5d, Momentum_20",43.4,Below Average,lightgbm,interactions
HEN3.DE,72.30000305175781,-0.01872960433906279,0.012280231720583781,28.104520639769532,63.75,36.56915263298583,40.92490842490842,35.19690967574802,30.63460873891276,"Volatility_30, Volume_MA_Ratio, Z_Score_20",43.4,Below Average,lightgbm,interactions
LR.PA,141.85000610351562,0.016845921889000914,0.01870212184615687,58.76629668091595,56.49484536082474,35.98208548956306,30.789643580667423,27.938417024424723,60.055877827456435,"RSI_x_Vol, Volatility_30, Return_5d",43.0,Below Average,lightgbm,interactions
SAP.DE,177.25999450683594,-0.003149324003579368,0.021385286718255632,31.762969129181982,49.79166666666667,37.16444691083981,47.518239854081166,35.008378325794055,37.731583870085835,"Volatility_30, Return_5d, Return_10d",42.2,Below Average,lightgbm,interactions
MKS.L,379.0,0.004239549892400163,0.013847714313878153,45.86526954771884,49.79166666666667,34.86472959089592,34.73133788923262,34.18275098011835,46.07646826573726,"Volatility_30, RSI_x_Vol, RSI_14",42.1,Below Average,lightgbm,interactions
AIR.DE,199.5,0.01858470018536318,0.013476368405798375,40.079324721911036,60.625,40.666666666666664,20.79867351305092,25.077130047163344,42.30056267884502,"Volatility_30, Volume_MA_Ratio, RSI_14",42.1,Below Average,lightgbm,interactions
AXP,324.69000244140625,0.01240999997621084,0.011384797172376754,30.873745829395087,56.210526315789465,34.72160630697216,31.432558139534883,31.964993187296933,33.32349378398469,"RSI_x_Vol, Return_10d, Z_Score_20",42.1,Below Average,lightgbm,interactions
TTE.PA,78.7699966430664,0.004975751509501691,0.013251511737214105,42.49848646752418,57.113402061855666,37.32168737060041,23.702686202686202,28.059147869674185,55.41969401618524,"Volatility_30, Volume_MA_Ratio, Trend_MA50",42.0,Below Average,lightgbm,interactions
MNDI.L,825.7999877929688,-0.00024214552909351816,0.012240575867779088,29.24195855274255,65.625,34.472727272727276,19.978278850649115,23.69378819378819,36.5609421210971,"Volatility_30, RSI_x_Vol, Return_10d",42.0,Below Average,lightgbm,interactions
JD.L,78.0999984741211,-0.012142665243079165,0.033123923609120545,37.24222853117849,51.458333333333336,31.15266819800926,28.08787735103524,26.215496682813512,30.50845422452602,"Volatility_30, RSI_x_Vol, Volume_MA_Ratio",41.9,Below Average,lightgbm,interactions
AIR.PA,199.39999389648438,0.018490117171102494,0.013371303259560676,34.364621730815024,60.618556701030926,45.72200772200772,24.844821844821844,29.73796113286685,42.00148841201425,"Volatility_30, Return_5d, Volume_MA_Ratio",41.8,Below Average,lightgbm,interactions
TMO,609.8200073242188,0.011008346976134842,0.014547715062450173,27.88585455757265,55.1578947368421,36.845299145299144,37.24738675958188,34.46156624844555,38.5655408591139,"Volatility_30, Z_Score_20, RSI_x_Vol",41.6,Below Average,lightgbm,interactions
DHR,200.13999938964844,-0.0019448431258290988,0.017888354866668343,10.342294531804242,56.8421052631579,42.26370189038488,35.46693991044345,36.54331579642254,18.868576018897528,"Volatility_30, Z_Score_20, Return_10d",41.6,Below Average,lightgbm,interactions
INTU,321.57000732421875,0.02813575029464288,0.026812755259395953,21.527601239146993,50.73684210526315,32.58254583254583,38.16844050258685,30.686649121026203,26.922688176243597,"Volatility_30, Z_Score_20, Return_10d",41.5,Below Average,lightgbm,interactions
RI.PA,59.41999816894531,-0.0013445685891544379,0.015497984038503469,21.024497481583357,60.618556701030926,28.620435120435122,23.080259618829043,24.82127127127127,19.512199534482946,"Volatility_30, Return_10d, Return_5d",41.4,Below Average,lightgbm,interactions
VOW3.DE,81.18000030517578,0.0,0.02144150481740681,54.5056502048903,55.208333333333336,36.055715045188734,29.373015873015873,28.506141239846094,63.29879682227204,"Volatility_30, Return_5d, Return_10d",41.1,Below Average,lightgbm,interactions
BAC,62.689998626708984,0.0020779611663095388,0.009241707035621969,37.16640331173041,56.0,43.78896103896104,21.010137149672033,27.239683616549286,58.62068511926842,"Volatility_30, Volume_MA_Ratio, Z_Score_20",41.1,Below Average,lightgbm,interactions
SU.PA,291.1000061035156,0.012874085892861542,0.017546769841063667,23.33631674829133,63.29896907216495,48.54678654678655,47.7488010074217,46.37098950851073,45.40324736084867,"Volatility_30, Return_10d, RSI_x_Vol",41.1,Below Average,lightgbm,interactions
GLEN.L,605.5,0.009671481865780596,0.01966260547835025,38.5462372257414,58.736842105263165,37.06563706563706,24.008884812702416,28.57484358039297,54.398395433155905,"Volatility_30, Trend_MA50, Momentum_20",40.7,Below Average,lightgbm,interactions
LLOY.L,111.1500015258789,0.018790129059846672,0.011514348695232402,42.52403601324238,52.5,34.89178981937602,25.48108815129479,29.24836640129031,49.63504218719632,"Volatility_30, Return_10d, Trend_MA50",40.6,Below Average,lightgbm,interactions
AMZN,256.7799987792969,0.01941323356027369,0.033408476753280805,20.11762555557529,62.947368421052644,52.88492536937754,40.314744079449966,45.03984642266075,48.023918600610614,"Volatility_30, Volume_MA_Ratio, Momentum_20",40.6,Below Average,lightgbm,interactions
USB,62.84000015258789,0.006889926393640389,0.01050406509027097,39.33300152135288,56.210526315789465,34.55656108597285,23.723441482414387,27.15083489823885,55.667156685139965,"Volume_MA_Ratio, Volatility_30, Return_5d",39.7,Below Average,lightgbm,interactions
MRK,143.92999267578125,-0.005390187284202486,0.027422644408794095,23.548152399712226,53.894736842105274,38.73279746681281,29.29017329017329,32.38940984007143,35.32014612265135,"Volatility_30, Volume_MA_Ratio, Trend_x_Vol",39.7,Below Average,lightgbm,interactions
DSY.PA,20.239999771118164,-0.006869450216560824,0.021896779922030866,17.695948366783814,55.051546391752574,29.883512544802862,28.188111681424026,26.55637568282078,27.51538118992778,"Volatility_30, Volume_MA_Ratio, Return_5d",39.5,Below Average,lightgbm,interactions
ACA.PA,18.625,0.004584632161558799,0.012401840765223488,11.656800983834591,58.96907216494846,47.738095238095234,30.32187934804214,35.72755417956656,38.50130803609272,"Volatility_30, Return_10d, Trend_x_Vol",38.8,Below Average,lightgbm,interactions
PUB.PA,96.80000305175781,-0.0049341666690194685,0.016270926858181715,21.360456961190472,53.608247422680414,43.018136306747074,28.161905663503184,24.85978268381878,36.76681659868608,"Volatility_30, Return_10d, Volume_MA_Ratio",38.7,Below Average,lightgbm,interactions
AVGO,361.989990234375,0.0032148205672397623,0.023934144372052442,26.972461084800848,54.526315789473685,43.43616700759558,40.37106091691436,40.3216246505318,45.1486780455921,"Volatility_30, Return_5d, RSI_14",38.6,Below Average,lightgbm,interactions
PNC,244.24000549316406,0.005185652266773033,0.010294339341652917,39.46799976311854,57.26315789473684,30.837840883479828,18.7302220982532,22.217064320759732,52.19454508704873,"Volatility_30, Momentum_20, Return_5d",38.3,Below Average,lightgbm,interactions
AV.L,707.2000122070312,0.005116595716331274,0.010806273352350682,27.7816367826501,62.916666666666664,42.44582043343653,21.61925287356322,26.911349976996924,43.206530753053414,"Volatility_30, RSI_x_Vol, Return_5d",38.3,Below Average,lightgbm,interactions
BAYN.DE,48.16999816894531,-0.010883009973122415,0.011388748425813562,27.921233079461178,51.875,43.13550379023525,32.75772205103205,36.82193637684434,51.18827444613677,"Volatility_30, Return_5d, RSI_x_Vol",37.9,Below Average,lightgbm,interactions
DGE.L,1603.0,0.00031201248049916863,0.01869448324056905,21.310377111082605,65.41666666666666,34.89510489510489,11.42602495543672,16.357142857142854,30.0,"Volatility_30, Return_10d, Volume_MA_Ratio",37.8,Below Average,lightgbm,interactions
RWE.DE,59.84000015258789,-0.005649720020999172,0.012538753880700942,30.584928227106147,57.08333333333333,59.57190635451506,22.984593837535016,27.076526372370136,67.79663756609052,"Volatility_30, Return_10d, Return_5d",37.6,Below Average,lightgbm,interactions
NVDA,218.2899932861328,-0.00032060507429509943,0.026469591463161073,13.220701886493583,58.315789473684205,55.292148053059485,41.26200727840072,44.41038961038961,52.395646442506546,"Volatility_30, RSI_x_Vol, Trend_MA50",37.4,Below Average,lightgbm,interactions
OR.PA,379.8500061035156,0.011449922647627231,0.01246077883337712,31.975094423646492,64.3298969072165,31.61038961038961,22.315476190476193,25.13696100792875,44.81964890979916,"Volatility_30, Trend_MA50, RSI_x_Vol",37.3,Below Average,lightgbm,interactions
SCHW,107.25,-0.0007453818102101106,0.012128999770471709,27.542331911968176,49.684210526315795,28.733203977686152,29.861593603529087,28.064741791783536,35.838467377602356,"Volatility_30, RSI_14, Volume_MA_Ratio",37.3,Below Average,lightgbm,interactions
BHP.L,3231.0,-0.006151953245155384,0.01940504036554486,3.523002659216068,55.83333333333333,42.5923207227555,22.792498921464155,27.02034099557319,26.13636363636364,"Volatility_30, Momentum_20, Momentum_x_Vol",37.3,Below Average,lightgbm,interactions
LIN.DE,400.6000061035156,0.008559903806629743,0.013530549272049403,11.811344492827343,62.5,38.86204481792717,42.35320686540199,35.25827995093363,32.33082232328471,"Volatility_30, Z_Score_20, Volume_MA_Ratio",37.2,Below Average,lightgbm,interactions
C,138.82000732421875,0.0023105221965251665,0.013538956881838878,47.84215354792237,56.21052631578948,47.89694041867955,24.2437707641196,31.571615131401433,75.08750573939413,"Volatility_30, Momentum_x_Vol, Volume_MA_Ratio",37.1,Below Average,lightgbm,interactions
PSON.L,1160.5,0.0008624407072013174,0.010317421690171946,12.564745736400852,61.666666666666664,40.80018227386648,25.950626566416037,29.806676938880333,37.93103448275862,"Volatility_30, Return_10d, RSI_x_Vol",37.0,Below Average,lightgbm,interactions
CVS,94.66000366210938,-0.0066113679018268146,0.017104494859892735,17.75916937769462,57.89473684210526,49.5084485407066,30.390142997174657,37.13684781222095,56.43644934865681,"Return_5d, Volatility_30, Return_10d",36.6,Below Average,lightgbm,interactions
ORCL,150.27999877929688,-0.017392465147425762,0.03350091092500888,25.146320150318964,55.1578947368421,40.179061820441135,34.534058072989964,35.979583645224,53.30901257067493,"Volatility_30, RSI_14, Volume_MA_Ratio",36.5,Below Average,lightgbm,interactions
ENT.L,502.20001220703125,-0.001590432988009427,0.014776259653410551,8.718892294435433,58.33333333333333,30.58730158730159,18.837944447638055,21.85896183956876,27.594959886768194,"Volatility_30, RSI_x_Trend, Return_10d",36.1,Below Average,lightgbm,interactions
IFX.DE,58.560001373291016,0.049462404551385175,0.027887647958808905,18.776463722061244,50.0,47.87269972052097,40.92879818594105,42.14469718600298,58.49180165480275,"Volatility_30, Return_5d, Return_10d",35.8,Below Average,lightgbm,interactions
NFLX,77.4000015258789,0.018287058947284107,0.021673569336575965,22.120736462335728,54.526315789473685,39.26703406053027,42.57147080561715,38.40128300589954,43.86557071411444,"Volatility_30, RSI_x_Vol, Return_5d",35.3,Below Average,lightgbm,interactions
BAS.DE,51.83000183105469,-0.02830892983152611,0.012436544680550343,22.321356210573757,60.20833333333333,39.6031746031746,25.33651269960347,28.930874385032165,51.07241183232494,"Volatility_30, Return_5d, Return_10d",35.2,Below Average,lightgbm,interactions
CME,275.5400085449219,0.005363597553249111,0.012207408424683538,29.767341561864992,58.73684210526316,31.287403163833368,17.97906102465466,22.22115387890368,50.731831437085624,"Volatility_30, Return_10d, Trend_x_Vol",34.8,Below Average,lightgbm,interactions
ORA.PA,15.545000076293945,0.0019335953791390637,0.014650067336124235,30.636064596729813,55.25773195876288,31.325051759834366,24.36868686868687,21.870202338185003,40.70795601279443,"Volatility_30, Return_5d, RSI_14",34.4,Below Average,lightgbm,interactions
WFC,90.29000091552734,0.009390765745595386,0.012726030791033906,51.10899009804503,52.42105263157894,37.06411849020545,21.845013477088948,27.203434628330132,76.45610848627055,"Volatility_30, Momentum_x_Vol, RSI_x_Vol",34.3,Below Average,lightgbm,interactions
IMB.L,2490.0,0.000803858520900258,0.013530115578652756,28.17295078308894,56.875,30.803512132822476,26.66387959866221,26.655455655455654,47.94952681388013,"Volatility_30, RSI_x_Vol, Return_10d",34.3,Below Average,lightgbm,interactions
MTX.DE,343.70001220703125,0.015661992925945833,0.01571766210110454,13.506263066174991,59.583333333333336,43.56715652768285,32.89058875265772,35.69823613538853,43.98342175542151,"Volatility_30, RSI_x_Vol, Trend_MA50",33.6,Below Average,lightgbm,interactions
MSFT,495.6300048828125,0.006477951477521948,0.016840207342619047,22.76494171484731,52.421052631578945,32.94130933665817,37.128098954185916,32.94434185738534,57.48640816299436,"Volatility_30, Return_10d, Return_5d",32.8,Below Average,lightgbm,interactions
DTE.DE,28.59000015258789,0.025466320415834742,0.01981133283937917,13.879231853435407,64.58333333333333,40.73015873015872,22.8824003124323,27.53967731581364,45.283014987849015,"Volatility_30, Return_5d, Z_Score_20",32.8,Below Average,lightgbm,interactions
CB,338.25,-0.0012401848734210352,0.009757383455384135,27.913163275480862,57.473684210526315,23.616825875649408,15.846560846560845,18.563778605196,46.60219526705147,"RSI_x_Vol, Volatility_30, Z_Score_20",31.3,Below Average,lightgbm,interactions
BP.L,564.5999755859375,-0.0008847991888188966,0.018726608995142578,7.931189313222513,58.95833333333333,46.44021739130435,22.385850400197604,28.989125601663506,58.2333607559045,"Volatility_30, Volume_MA_Ratio, Return_5d",30.9,Below Average,lightgbm,interactions
CAP.PA,102.9000015258789,0.013793118481565614,0.02172501730958652,10.892179098136518,55.25773195876288,28.666666666666664,18.89243612292614,21.706331170448088,35.29411924701556,"Return_10d, Volatility_30, RSI_x_Vol",30.8,Below Average,lightgbm,interactions
CPG.L,30.850000381469727,-0.0035529297886218725,0.014179462155944312,17.634056826293133,57.916666666666664,26.083411975385552,36.4177050130397,28.9270799434366,50.582764055584335,"Volatility_30, Volume_MA_Ratio, Return_10d",29.5,Below Average,lightgbm,interactions
JNJ,265.5799865722656,-0.0028910062459346353,0.012279333378381942,25.219695011947003,56.8421052631579,23.238095238095237,9.225607658553367,12.810643996369706,44.19821195852473,"Volatility_30, Return_10d, RSI_14",29.2,Below Average,lightgbm,interactions
AAPL,332.2699890136719,0.017454088133066703,0.019823115061246316,34.927442593662015,52.63157894736842,37.55268261150614,21.25483111713681,25.866437756976644,70.61890595778934,"Volatility_30, Return_10d, Trend_x_Vol",27.8,Below Average,lightgbm,interactions
QCOM,181.97000122070312,0.028776550188716277,0.023800264491191398,23.853899506276758,57.473684210526315,41.951086956521735,39.469022978070974,39.068884431787296,78.39937037049138,"Volatility_30, Z_Score_20, Trend_MA50",27.4,Below Average,lightgbm,interactions
NOW,132.52999877929688,0.01036822923943248,0.03629209872848998,3.700323867788459,55.1578947368421,38.49050281808902,34.0112863327149,34.83509893645918,53.32458038322089,"Volatility_30, Return_10d, Volume_MA_Ratio",27.4,Below Average,lightgbm,interactions
META,648.030029296875,0.0056643973841588036,0.023680288162759428,9.274604461616567,56.38297872340426,44.88999717034521,51.094298245614034,47.456203007518795,83.89165880381836,"Volatility_30, Trend_MA50, Return_10d",23.3,Below Average,lightgbm,interactions
WLN.PA,13.434000015258789,-0.036989233051002435,0.05495723762899459,8.908939365953142,54.22680412371134,36.96512623020966,30.32318335605716,30.980383495717433,60.22001856585378,"Volatility_30, RSI_x_Trend, Z_Score_20",23.3,Below Average,lightgbm,interactions
PFE,27.719999313354492,0.0025316345674488705,0.01384099305752562,5.595397151526221,60.631578947368425,24.582456140350878,15.589694469004815,18.846925743477463,45.406823095819405,"Volatility_30, RSI_x_Vol, RSI_14",23.3,Below Average,lightgbm,interactions
DBK.DE,34.84000015258789,-0.0001435232584311441,0.012013024088326807,17.27229665821398,49.375,39.68984962406015,28.621693786027322,32.038273582997554,72.59392851873116,"Volatility_30, RSI_x_Vol, Z_Score_20",21.5,Below Average,lightgbm,interactions
CRM,247.72000122070312,0.01942387333622686,0.04634643359818995,7.588985698779147,55.368421052631575,43.16673030958746,43.32538968989273,39.517202486290444,71.21162737783689,"Volatility_30, Trend_MA50, Return_10d",20.8,Below Average,lightgbm,interactions
BMW.DE,63.0,0.004784676768901486,0.016076693798748168,9.141688138877699,56.458333333333336,23.492270730122392,22.681096681096683,21.967664258685932,66.45366925418101,"Volatility_30, Z_Score_20, Return_10d",19.1,Below Average,lightgbm,interactions
