Ticker,Latest Price ($),Daily Return,Volatility,Predicted Prob Up (%),Accuracy (%),Precision (%),Recall (%),F1 Score (%),RSI_14,Top Features,Score,Rating
AAL.L,3931.0,-0.02746165264720435,0.023117680126104417,69.64521408081055,55.208333333333336,59.97435897435897,17.591772731552414,26.82131057085685,34.66884709730172,"Momentum_20, Trend_MA50, Z_Score_20",62.9,Above Average
ABF.L,1870.8109130859375,0.00554201187096881,0.017910620482956264,87.84745335578918,57.291666666666664,33.59085359085359,23.98057798057798,25.57432216905901,29.22621630529541,"Trend_MA50, Volatility_30, Momentum_20",68.8,Above Average
ADM.L,3674.0,0.015478164731896005,0.013626982057154355,19.364845752716064,65.41666666666667,49.885620915032675,29.502304147465434,35.97871475756807,35.17915309446255,"Volatility_30, Momentum_20, Trend_MA50",43.7,Below Average
ANTO.L,3618.0,-0.03002680965147453,0.027971301650315607,48.349982500076294,52.708333333333336,55.73658095716919,18.463605647684073,26.46945628231517,32.178598922247886,"Volatility_30, Trend_MA50, Momentum_20",52.8,Neutral
AUTO.L,455.1000061035156,-0.002848351906997615,0.01969927151749841,30.94472885131836,49.791666666666664,30.074017899842865,39.01387455567023,27.676602875033076,25.692699022130753,"Momentum_20, Volatility_30, Trend_MA50",44.0,Below Average
AV.L,700.7999877929688,0.0022882945623630135,0.010451419442410745,47.058749198913574,60.41666666666667,31.557510589768658,20.827991452991455,22.70710553814002,39.12037282323745,"Momentum_20, Volatility_30, Return_10d",47.2,Below Average
AZN.L,12474.0,-0.006214149139579295,0.014675165157704183,68.56188178062439,61.66666666666667,34.23809523809524,26.410766652702137,29.431251939576022,65.52440290758048,"Z_Score_20, Momentum_20, Return_10d",47.7,Below Average
BA.L,1975.0,0.0015212981744421317,0.014514624882950907,64.16657567024231,59.375,42.06338783924991,29.324786324786327,33.94482509713693,53.71024734982333,"RSI_14, Volatility_30, Trend_MA50",53.1,Neutral
BARC.L,463.04998779296875,-0.0018323046231927265,0.01490120776698512,76.06253027915955,53.125,33.90326797385622,21.763567572778097,25.66068448075792,33.05904930494951,"Trend_MA50, Volatility_30, Return_5d",58.4,Neutral
BATS.L,4233.0,0.012679425837320624,0.013312102036723662,38.25494945049286,55.0,38.98325775077721,18.114671814671816,22.741032552353307,63.46153846153846,"Trend_MA50, Momentum_20, RSI_14",34.5,Below Average
BHP.L,3137.0,-0.01876759461995625,0.018170285878556635,72.78230786323547,55.416666666666664,47.585381668140286,20.777238693287366,26.69801363600366,25.79617834394905,"Momentum_20, RSI_14, Trend_MA50",66.1,Above Average
BP.L,567.0,0.015219337511190645,0.018417923036177876,37.02256381511688,57.083333333333336,47.317460317460316,20.542025298182935,25.258824508824507,57.01245826309647,"Trend_MA50, Momentum_20, Return_10d",41.8,Below Average
BT-A.L,196.35000610351562,-0.0010175372431284746,0.015214248882397974,54.872286319732666,55.208333333333336,37.10788723946619,22.30699062233589,25.180502803352223,46.57534194514436,"Trend_MA50, RSI_14, Momentum_20",46.0,Below Average
BNZL.L,2658.0,0.007581501137225111,0.010574482655161511,48.977503180503845,60.0,33.2967032967033,26.554459186038134,25.149231720660293,50.0,"Momentum_20, Z_Score_20, RSI_14",43.7,Below Average
CNA.L,147.39999389648438,0.0,0.013497990998242322,53.609174489974976,62.083333333333336,42.698412698412696,26.571428571428566,30.952853276445573,39.87728070416312,"Trend_MA50, Return_10d, Volatility_30",54.2,Neutral
CPG.L,30.06999969482422,0.021399427626972667,0.014926411543041362,63.139909505844116,57.916666666666664,30.01192040091471,42.44127119446813,34.48621553884711,45.52527998889729,"Z_Score_20, Volatility_30, Trend_MA50",49.5,Below Average
CRDA.L,3240.743896484375,0.0014659754278043557,0.018058425061398584,38.17696571350098,60.833333333333336,39.70588235294118,13.194259353527087,18.465669988925804,41.40436942830742,"Volatility_30, Momentum_20, RSI_14",40.1,Below Average
DCC.L,6435.0,0.0,0.002824628698506444,12.826591730117798,66.25,32.47038327526133,17.914690216480498,21.196337315213363,74.28571428571428,"Return_10d, Trend_MA50, Z_Score_20",19.7,Below Average
DGE.L,1645.5,0.0021315468940317217,0.014990340840997301,61.927634477615356,66.45833333333334,39.01923076923077,14.438861280966544,20.76918158567775,56.33802816901408,"Volatility_30, Momentum_20, Trend_MA50",50.9,Neutral
EDV.L,4297.04638671875,-0.050376489122928136,0.027661738797258008,57.17305541038513,47.916666666666664,46.077257399530374,33.29419703103913,37.65661274599732,35.60095600575514,"Momentum_20, Trend_MA50, Volatility_30",54.6,Neutral
ENT.L,431.0,-0.04137011977538352,0.01724138770780426,54.47474718093872,57.916666666666664,28.523809523809526,18.912643678160922,20.08531042128603,15.059088702739842,"Volatility_30, Trend_MA50, Z_Score_20",53.5,Neutral
EXPN.L,2582.42041015625,-0.010566892660440641,0.018731689031376963,57.812660932540894,65.20833333333334,32.15488215488215,31.407080157080156,30.267327861377105,26.690043260953445,"Volatility_30, Trend_MA50, Z_Score_20",58.7,Neutral
FRES.L,2703.0,-0.06470588235294117,0.028567465746854922,72.67207503318787,49.58333333333333,53.9051689051689,41.79262877912829,42.133098375318724,31.312127236580523,"Volatility_30, Momentum_20, Volume_MA_Ratio",63.8,Above Average
GLEN.L,548.0,-0.023346954475016002,0.020951942513749704,52.15449333190918,58.526315789473685,49.40087991718426,22.12664736083038,27.692911923767525,24.038441223489784,"Trend_MA50, Momentum_20, Volatility_30",59.1,Neutral
GSK.L,1843.6500244140625,-0.00397081339056593,0.014780020862543809,41.88202917575836,61.666666666666664,31.08771929824561,11.781024531024531,16.02014444507239,58.02280556941433,"RSI_14, Momentum_20, Return_10d",39.3,Below Average
HLMA.L,3508.0,0.006888633754305484,0.019154796841066052,81.46468997001648,61.041666666666664,49.221756021756015,26.07514302356077,31.012759170653908,34.526854219948845,"Return_10d, Volatility_30, Trend_MA50",66.8,Above Average
HLN.L,341.1000061035156,-0.0046688241801083885,0.0117328129773573,57.493406534194946,62.29166666666667,35.54850275210826,28.770588770588773,30.717289431495868,56.64338723703937,"Return_5d, Return_10d, Volatility_30",49.0,Below Average
HSBA.L,1521.5999755859375,0.006216125325740229,0.01142975985997088,62.788522243499756,59.16666666666667,70.55584415584414,17.17800741918389,24.94690764889804,39.9242238937026,"Trend_MA50, Volatility_30, Momentum_20",63.3,Above Average
IAG.L,435.79998779296875,-0.0009170664898391356,0.01733047660298575,67.8536593914032,50.736842105263165,44.392787524366476,22.057823129251698,28.362764040273692,55.89224943417527,"Momentum_20, Return_5d, Volatility_30",52.6,Neutral
IHG.L,157.27499389648438,0.005916135317297844,0.013667152233247803,63.7162983417511,58.958333333333336,32.86889581007229,18.453852453852452,23.06436457599248,56.64119647765923,"Trend_MA50, Return_10d, Z_Score_20",49.0,Below Average
IMB.L,2460.0,0.0073710073710073765,0.011104021594855604,70.72055339813232,57.708333333333336,29.219769458899897,26.972264437689965,26.898600553095882,47.35294117647059,"Trend_MA50, Volatility_30, Momentum_20",51.2,Neutral
INF.L,882.0,0.006389748322612743,0.013927761737728951,63.39845061302185,58.333333333333336,38.152805949966194,35.573245514421984,33.674350166036874,45.64643502032156,"Trend_MA50, Volatility_30, Z_Score_20",51.6,Neutral
ITRK.L,5870.0,0.0017064846416381396,0.0018656272059937348,64.70918655395508,58.333333333333336,33.366515837104075,33.364580461354656,30.376831501831496,58.33333333333333,"Trend_MA50, Volatility_30, Z_Score_20",50.4,Neutral
JD.L,78.45999908447266,0.012387084960937544,0.0364756412115963,77.58408188819885,51.875,24.95,23.09651366267331,21.13837286745164,44.319253938450494,"Trend_MA50, RSI_14, Return_10d",50.8,Neutral
KGF.L,337.5,0.027710128723035465,0.02954544686644395,83.0035388469696,51.25,29.12161084529506,21.681907471381155,21.74521072796935,69.20151021337638,"Volatility_30, Trend_MA50, Momentum_20",49.0,Below Average
LAND.L,623.5,0.008899676375404564,0.012929671459921533,67.77281165122986,61.875,45.38244514106583,28.384273772204814,32.47316782893874,34.38914027149322,"Trend_MA50, Volatility_30, RSI_14",60.7,Above Average
LGEN.L,298.70001220703125,0.004033654477415993,0.013515419381536707,44.13038790225983,66.25,48.43398268398268,21.579365079365083,27.253171625122842,55.875850990332495,"Momentum_20, Trend_MA50, Z_Score_20",47.1,Below Average
LLOY.L,108.5250015258789,-0.0025275874831371947,0.013283005094074147,47.46766984462738,53.333333333333336,34.83473389355742,23.081752945685928,26.018749665625478,41.05132451595852,"Volatility_30, Trend_MA50, RSI_14",42.3,Below Average
LSEG.L,8274.0,0.009024390243902447,0.018498508504319482,55.60451149940491,61.875,40.60510510510511,38.52478285744005,38.20826001173146,37.542277339346114,"Trend_MA50, RSI_14, Volatility_30",55.5,Neutral
MKS.L,380.0,0.014686248331108098,0.015439222242814016,58.13256502151489,50.41666666666667,24.24902636596185,19.85850475982055,21.307090882090883,44.688642777774874,"Trend_MA50, Volatility_30, Return_5d",42.6,Below Average
MNDI.L,810.0,-0.017228842509971143,0.012843044368905314,70.60580253601074,66.66666666666666,42.01851851851852,18.158320174449205,24.057704327392596,39.15277151517122,"Trend_MA50, Momentum_20, Volatility_30",60.7,Above Average
NG.L,1132.5,0.004880212954747165,0.011681049077516211,54.9854040145874,59.79166666666667,34.79761904761905,29.21090387374462,26.50155951708747,44.87632508833922,"Return_10d, RSI_14, Trend_MA50",46.6,Below Average
NWG.L,695.04052734375,0.0009223832188485215,0.013135257178001394,39.50289785861969,55.0,51.68500797448165,25.302325090368566,31.397237723553513,49.50252734156543,"Return_10d, Return_5d, Volatility_30",44.4,Below Average
NXT.L,14650.0,-0.0003411804844762889,0.015112844570125416,57.278162240982056,64.16666666666666,46.119436119436116,47.67609513215742,45.55921140259386,39.57968476357268,"Momentum_20, Volatility_30, Trend_MA50",59.1,Neutral
OCDO.L,243.1999969482422,0.02789514232657697,0.03625865651247398,63.4188711643219,59.583333333333336,28.22222222222222,17.816351172112313,19.00685492194785,83.20612331960334,"Return_10d, Trend_MA50, Z_Score_20",37.2,Below Average
PSON.L,1221.75,0.002667213787443501,0.01102459890153899,37.3239666223526,62.708333333333336,35.74079254079254,21.18964759545079,25.584106960355577,72.37569060773481,"Volatility_30, Momentum_20, Trend_MA50",30.2,Below Average
PSN.L,1327.592041015625,0.14992814293254653,0.03262065627434005,22.03465700149536,60.8421052631579,46.50514661615494,29.843169761273213,33.04167056256818,73.12276664624582,"Trend_MA50, Volatility_30, Return_10d",27.6,Below Average
PRU.L,944.5999755859375,0.0029730174445321556,0.0132529441049845,67.02902913093567,57.291666666666664,42.40264221630681,31.696466973886334,34.62141435429106,23.00076235810377,"Trend_MA50, Momentum_20, Volatility_30",64.1,Above Average
RKT.L,4919.0,0.002854230377166145,0.01510301921823049,41.519638895988464,62.08333333333333,31.80769230769231,25.038621509209744,25.875390353023903,40.75691411935953,"Volatility_30, Trend_MA50, RSI_14",40.9,Below Average
REL.L,2515.0,-0.004748713889988099,0.019442827669986524,82.93593525886536,55.20833333333335,33.39519979660245,56.422186963561444,39.13026752928833,46.49805447470817,"Volatility_30, Z_Score_20, Momentum_20",58.4,Neutral
RIO.L,6979.0,-0.015378103837471735,0.013904961151334312,36.12338304519653,57.916666666666664,51.28104575163398,16.06831136843452,21.256436791426573,18.506224066390047,"Return_10d, Volatility_30, Momentum_20",52.0,Neutral
RMV.L,449.1000061035156,0.018598349558962557,0.024067730033680065,65.31452536582947,60.625,44.416134590047626,31.82967032967033,29.02204228520018,37.170266509224255,"Momentum_20, Return_10d, Trend_MA50",58.7,Neutral
RR.L,1478.199951171875,-0.0021601682121297205,0.01709824103497643,48.20042848587036,51.66666666666667,47.943075489383375,34.4717607973422,37.74049084376189,49.56735970594493,"Momentum_20, Volatility_30, Trend_MA50",47.3,Below Average
RTO.L,302.58599853515625,-0.019805680045696272,0.013699162962117697,57.18175172805786,58.958333333333336,22.58928571428571,17.831808714161653,17.595409881124166,16.347175835486382,"RSI_14, Trend_MA50, Volatility_30",53.0,Neutral
SBRY.L,338.3999938964844,0.0041542845593007804,0.011820997715666628,64.6750271320343,59.16666666666667,40.39083933968845,16.383935883935884,22.159177986764195,49.0430435122256,"Volatility_30, Trend_MA50, RSI_14",51.1,Neutral
SDR.L,588.5,0.0,0.0008814355389305032,10.411334782838821,68.33333333333333,27.916666666666668,9.190821256038648,13.520933277525568,75.0,"Trend_MA50, Volatility_30, Z_Score_20",16.8,Below Average
SGE.L,993.5570068359375,-0.008920691435473804,0.019994453179138047,35.5040580034256,60.416666666666664,30.788736420811894,31.778887778887782,29.98486568872203,44.47535725931129,"Trend_MA50, Volatility_30, RSI_14",38.5,Below Average
SGRO.L,944.2000122070312,0.0031874202731523305,0.005996154551400513,60.82267761230469,59.583333333333336,19.688834154351397,13.83882783882784,15.769502516453736,47.82611358222269,"Volatility_30, Trend_MA50, Return_5d",43.5,Below Average
SHEL.L,3673.0,0.017169759069509904,0.011615601237652456,26.926425099372864,54.791666666666664,41.773495605138606,22.802312656292116,26.243330494004347,65.38804638715432,"Trend_MA50, Volatility_30, Return_5d",31.1,Below Average
SMIN.L,2823.0,0.002485795454545414,0.017388936897472927,23.23920875787735,62.70833333333333,51.91695804195805,25.94070631890431,32.640559294971055,70.47101449275362,"Volatility_30, Trend_MA50, Return_10d",29.7,Below Average
SMT.L,1571.5,0.0003182686187142014,0.012601399013100971,41.19350016117096,58.958333333333336,44.72681704260652,14.13759213759214,19.912265645257456,69.2722371967655,"Volatility_30, Trend_MA50, Z_Score_20",37.4,Below Average
SN.L,1015.5,0.007440476190476275,0.014941838790539296,47.975608706474304,61.041666666666664,33.69436392914654,22.55229265619291,25.522296503328853,46.09665427509294,"Return_5d, Trend_MA50, Momentum_20",43.7,Below Average
SPX.L,7105.0,0.007801418439716379,0.015229451162449234,39.0216588973999,63.75,41.02326431738196,20.157899835319192,26.60283868774435,50.16181229773463,"RSI_14, Trend_MA50, Volume_MA_Ratio",42.6,Below Average
SSE.L,2482.0,0.010586319218240936,0.014931770041108995,57.375335693359375,56.875,36.0990564990565,27.488387635756055,30.51761422932758,60.628019323671495,"Volatility_30, Return_5d, Momentum_20",42.9,Below Average
STAN.L,2332.0,0.008214440121054878,0.014846790337408705,48.93374443054199,57.708333333333336,48.02489177489177,26.97603362820754,33.34148384577665,54.651162790697676,"Momentum_20, Volatility_30, Trend_MA50",48.1,Below Average
STJ.L,1078.0,0.006535947712418277,0.013905080949057897,53.91716957092285,53.75,38.85281385281386,28.82976357258666,31.00527542632806,37.40458015267176,"Volatility_30, Trend_MA50, Momentum_20",51.7,Neutral
SVT.L,3082.0,0.00653167864141091,0.012663725249809219,61.73768639564514,58.95833333333333,31.78525641025641,19.959557985873776,22.911698031339107,69.23076923076923,"Volatility_30, Momentum_20, Return_10d",42.9,Below Average
TSCO.L,479.70001220703125,0.013736263381912472,0.013990961144604547,62.97086477279663,56.875,40.45536367517792,33.36913159493805,35.20573414085014,53.0961912083529,"Trend_MA50, Volatility_30, Return_5d",52.0,Neutral
TW.L,89.73999786376953,0.1203495577189424,0.028741499514778984,12.806227803230286,64.58333333333333,29.378654970760238,19.46719545632589,19.896188467617037,65.10066846809892,"Trend_MA50, Volatility_30, Return_5d",23.4,Below Average
ULVR.L,4677.5,0.0027870082538321572,0.011174732532358986,22.090333700180054,61.875,27.561699948796722,26.38787748982652,25.460552340487872,48.369565217391305,"Volatility_30, Return_10d, Momentum_20",31.9,Below Average
UU.L,1410.0,0.005706134094151105,0.012534089757333567,59.241509437561035,63.95833333333333,63.48739495798319,22.669369449642105,28.397326953221683,72.1311475409836,"Momentum_20, Volatility_30, Trend_MA50",46.6,Below Average
VOD.L,126.25,0.0035770821727010294,0.013973113922061868,37.715646624565125,55.625,35.3612119378907,17.163495419309374,22.05620106578102,44.845359203019036,"Return_5d, Momentum_20, Volatility_30",38.4,Below Average
WEIR.L,2604.0,-0.015128593040847238,0.023083899128565892,67.71090030670166,55.83333333333333,45.71815718157181,30.090297414049086,35.96566869891025,33.62573099415205,"Trend_MA50, Volatility_30, Momentum_20",60.1,Above Average
WPP.L,392.20001220703125,-0.003303653857608002,0.021936235666687027,55.641454458236694,58.125,37.915119536186566,23.80071045107914,26.39501756120172,65.08425291202516,"Trend_MA50, Volatility_30, Return_5d",42.3,Below Average
WTB.L,2373.0,0.010647359454855287,0.010267957443121407,28.26833724975586,53.54166666666667,34.88251618871415,42.540100250626566,35.41031853718421,63.86138613861385,"Trend_MA50, Volatility_30, Return_5d",31.0,Below Average
BKG.L,3400.0,0.008902077151335286,0.014040948359592624,35.46795845031738,57.5,24.694444444444446,21.915616246498598,19.81062704143462,48.60681114551083,"Z_Score_20, Trend_MA50, Volatility_30",34.8,Below Average
HSX.L,1870.199951171875,-0.0014949539925921407,0.010441960240672055,48.52996468544006,57.5,32.828502415458935,17.02246827246827,21.120775423407004,48.94178840504514,"Trend_MA50, Momentum_20, RSI_14",42.3,Below Average
III.L,2667.0,0.0011261261261261701,0.01650491547739694,60.702455043792725,53.125,35.461286951832,44.711161387631975,37.597590658591216,39.590443686006836,"Trend_MA50, Volatility_30, RSI_14",54.4,Neutral
WOSG.L,678.0,0.008178438661710086,0.021609447173024068,63.97590637207031,58.95833333333333,47.61904761904761,16.25686214542396,22.66247012022088,56.30252100840336,"Trend_MA50, Volatility_30, Return_5d",52.7,Neutral
CCH.L,4402.0,0.006861848124428249,0.020527102547694194,62.58835196495056,58.75,43.28661518661519,19.64213731087154,23.146076141029273,40.8203125,"Return_10d, Volatility_30, RSI_14",51.1,Neutral
BAB.L,992.4000244140625,0.00425016409142831,0.01616181499368799,61.71075701713562,53.75,45.420894156188275,35.752446950121374,36.55456977672581,54.27264774017771,"Z_Score_20, Trend_MA50, Momentum_20",52.3,Neutral
HWDN.L,794.75,0.047101449275362306,0.016607208125224007,72.67447113990784,59.166666666666664,21.00731582099769,19.11820895909023,19.916773414446972,61.951219512195124,"Momentum_20, Volatility_30, Z_Score_20",44.1,Below Average
AJB.L,575.0,0.014109347442680775,0.01328890650966499,43.62543821334839,66.66666666666667,34.80701754385965,17.833333333333336,21.78917378917379,38.265306122448976,"Trend_MA50, RSI_14, Return_10d",47.8,Below Average
ALFA.L,155.63999938964844,0.004129028320312589,0.021663477815835098,63.91192674636841,63.75,37.627450980392155,36.48809523809524,35.52004414052607,50.643792634020116,"Trend_MA50, Return_10d, Volatility_30",53.0,Neutral
BBY.L,942.5,0.008021390374331583,0.015537317006348049,31.139162182807922,51.875,26.459932988971097,21.61114663256607,21.904717827335496,69.04761904761904,"Volatility_30, Momentum_20, Return_10d",27.7,Below Average
BME.L,249.60000610351562,0.004830967135737163,0.025522308974710348,38.405704498291016,53.541666666666664,29.725274725274726,14.801569140241906,18.50741436958079,65.31165345272403,"Volatility_30, Trend_MA50, Momentum_20",31.3,Below Average
BTRW.L,346.4280090332031,0.12112624282590012,0.034870247572179075,57.49589800834656,60.0,33.87467795362532,17.125936505246848,21.284630215722654,69.37988916562736,"Trend_MA50, Return_10d, Momentum_20",41.7,Below Average
BYG.L,842.0,0.02682926829268295,0.0119880185446162,30.443519353866577,64.16666666666667,28.242424242424242,24.945098039215686,23.482983706213567,56.25,"Trend_MA50, Volatility_30, RSI_14",35.6,Below Average
CAML.L,155.0,-0.02515723270440251,0.029744771554940864,54.19344902038574,49.79166666666667,41.448196497284854,30.847247307973362,33.11273356513485,23.008845375065917,"Volatility_30, Return_10d, Trend_MA50",57.0,Neutral
CCC.L,5355.0,-0.010166358595194103,0.02688033825196817,68.41128468513489,50.625,37.951324990798675,12.663009648303765,17.628823017160833,58.79629629629629,"Trend_MA50, Volatility_30, Return_10d",49.6,Below Average
CLDN.L,379.5,-0.0026281208935611255,0.008123429597081684,18.056347966194153,69.58333333333333,39.256410256410255,14.944107744107745,19.217426964312533,36.23188405797102,"Return_5d, Trend_MA50, Volatility_30",38.8,Below Average
CMCX.L,660.0,-0.025110782865583436,0.026359859425071904,53.563737869262695,63.33333333333333,46.57916157916158,37.64764021315746,38.2746535999048,22.598870056497177,"Trend_MA50, Volatility_30, Volume_MA_Ratio",61.5,Above Average
CTEC.L,211.0,0.007640908071404162,0.011787580416290102,75.0613808631897,62.08333333333333,28.722222222222218,15.148097516518567,19.172243875754315,30.00001173753006,"Volatility_30, Z_Score_20, Return_10d",57.5,Neutral
DOM.L,210.39999389648438,0.00573612316322869,0.01675754101400349,47.79607057571411,62.083333333333336,36.049663299663294,44.47643859408565,35.91263512316143,54.26827566315279,"Momentum_20, Trend_MA50, Z_Score_20",45.9,Below Average
DRX.L,813.0,0.0068111455108359475,0.015518067643419748,52.823811769485474,58.125,39.41736694677871,23.563520739991333,27.940673705379588,52.91970802919708,"Volatility_30, Return_5d, Trend_MA50",46.8,Below Average
EMG.L,332.6000061035156,0.007878806374289837,0.015828823320042738,27.567026019096375,55.416666666666664,40.769230769230774,21.18189264151997,21.95846137081835,69.96699470525375,"Volatility_30, Trend_MA50, RSI_14",30.6,Below Average
ENOG.L,726.5,0.011838440111420656,0.03197613542255629,62.58169412612915,59.79166666666667,40.91813273398951,18.172584349054937,24.55506098029329,39.202657807308974,"Trend_MA50, Momentum_20, Volatility_30",55.9,Neutral
FCIT.L,344.20001220703125,-0.003474179822402501,0.0075550608211540455,48.539936542510986,67.08333333333334,19.824561403508774,25.034965034965033,19.37127371273713,49.711008150690304,"Trend_MA50, RSI_14, Momentum_20",40.7,Below Average
FGP.L,182.0,0.025352112676056304,0.011489145729569522,29.383036494255066,57.08333333333333,31.625730994152047,28.20535281931413,26.22134387351779,67.2793927902254,"Return_10d, Trend_MA50, RSI_14",30.0,Below Average
FRAS.L,814.0,0.011180124223602483,0.014341834456382367,35.41736304759979,61.45833333333333,53.35164835164835,30.114866554476453,32.55035460992907,61.47186147186147,"Momentum_20, Trend_MA50, RSI_14",39.7,Below Average
FSV.L,463.5849914550781,0.00560735673552748,0.006444305321719191,65.36152362823486,70.20833333333334,40.688644688644686,19.10039404261003,21.98816912900312,45.0487726913997,"Trend_MA50, Momentum_20, Volatility_30",53.7,Neutral
FUTR.L,312.3999938964844,0.020915012733609073,0.019592296572826167,30.877378582954407,65.41666666666666,42.64957264957265,27.825783186837953,30.538066482307123,67.37802977509116,"Return_5d, Volatility_30, Trend_MA50",35.7,Below Average
GFRD.L,707.0,0.012893982808023008,0.023927117160793314,73.39443564414978,60.41666666666667,42.00925925925926,40.52384184443008,41.023840260588635,79.51219512195122,"Trend_MA50, Return_10d, Volatility_30",48.1,Below Average
GFTU.L,1014.2000122070312,0.05218382251161913,0.016636638828686774,67.88739562034607,61.875,22.541125541125542,16.576982641055867,17.167188561393043,62.037053010802516,"Volatility_30, Trend_MA50, Return_10d",42.7,Below Average
GNS.L,2130.0,0.018164435946462776,0.013402863751089863,37.09411919116974,55.416666666666664,34.45575048732943,20.856374807987713,24.042611899554394,29.38144329896906,"Momentum_20, Trend_MA50, RSI_14",48.1,Below Average
GPE.L,310.0,0.008458055156602029,0.015931404111656125,69.56216096878052,60.208333333333336,39.4065934065934,19.674157239946716,24.141143076836435,41.860476905497926,"Volatility_30, Momentum_20, RSI_14",53.3,Neutral
GRG.L,1858.0,-0.001612036539494932,0.014984734708230599,49.41382706165314,64.79166666666667,44.06548456703255,31.6994671994672,34.78782118051895,61.21212121212121,"Return_5d, Trend_MA50, Volatility_30",44.0,Below Average
HAS.L,63.70000076293945,-0.003909304097223454,0.027836140610321247,38.81373107433319,53.125,41.62692287904512,34.33336972787586,29.559508194358365,39.20000683593124,"Trend_MA50, Z_Score_20, Volatility_30",46.0,Below Average
HMSO.L,345.20001220703125,0.0017411668394904378,0.012891217796111146,71.6723382472992,56.25,34.51162790697674,31.916666666666668,31.628557221447345,40.312509387727076,"Momentum_20, Volatility_30, Return_10d",53.3,Neutral
IBST.L,85.99250030517578,0.20101259968960306,0.042266655028610225,45.63569724559784,63.333333333333336,29.80459618617514,39.27550096961862,33.05266786629374,59.03016787716195,"Momentum_20, Trend_MA50, Volatility_30",43.3,Below Average
INCH.L,769.9693603515625,-3.979175121748835e-05,0.011469130911708317,53.56873869895935,63.75,45.7983682983683,21.043084308701076,26.727149990794764,19.994554434501893,"Volatility_30, Trend_MA50, Return_5d",59.6,Neutral
JAM.L,1234.0,-0.003231017770597755,0.006879316438927768,49.7150182723999,63.125,25.464102564102564,30.451879323496144,24.974530030123713,62.96296296296296,"RSI_14, Momentum_20, Volatility_30",37.6,Below Average
JMAT.L,2348.0,-0.010118043844856706,0.04255863838383096,66.20062589645386,61.458333333333336,52.97008547008547,19.395376919096087,24.482806926465788,52.713178294573645,"Volatility_30, Trend_MA50, Momentum_20",55.7,Neutral
KLR.L,3446.0,0.042347247428917045,0.018501547173831612,51.19420289993286,55.0,39.59770114942529,23.08416945373467,25.427181514138034,88.92508143322476,"Trend_MA50, Return_5d, Volatility_30",35.2,Below Average
LMP.L,179.89999389648438,0.006715148118271896,0.010780773620946796,62.9063606262207,63.54166666666667,28.190476190476193,25.66060653883585,22.086919576777586,43.92522631467865,"Trend_MA50, Volatility_30, RSI_14",48.2,Below Average
LRE.L,639.5,-0.003117692907248615,0.009410149568694025,31.89067244529724,61.041666666666664,45.515151515151516,34.43377839533775,38.025124184230556,62.82051282051282,"Trend_MA50, Return_10d, Return_5d",37.0,Below Average
MCG.L,24.100000381469727,0.021186440335509094,0.02596111897628646,52.02562212944031,60.0,36.105280692986845,19.289173789173788,23.66184890378439,50.949373487438216,"Return_10d, Volatility_30, Momentum_20",45.4,Below Average
MRO.L,474.3999938964844,0.0008438689799248333,0.025166568137329422,24.228258430957794,60.208333333333336,45.44798212540148,35.841269841269835,39.84918818786095,36.47585804625043,"Volatility_30, Trend_MA50, Return_5d",44.1,Below Average
MSLH.L,174.8000030517578,0.13506495488154413,0.03223962993229557,19.603298604488373,62.708333333333336,31.75534991324465,26.01104209799862,25.700299700299702,63.93129704305772,"Volatility_30, Return_10d, Momentum_20",27.2,Below Average
OXIG.L,2900.0,-0.010238907849829393,0.02157363298554461,49.61342513561249,56.66666666666667,44.487050645897455,42.74876267429458,39.88361368235671,59.51086956521739,"Volatility_30, Trend_MA50, Return_5d",48.3,Below Average
PAG.L,755.5,0.014093959731543704,0.012479037046175466,57.3380172252655,63.78947368421052,41.156657669815566,20.842908902691512,26.41418712006947,32.73381294964028,"Volatility_30, Return_5d, RSI_14",54.9,Neutral
PIN.L,384.97698974609375,-5.976689326303575e-05,0.008657994628733876,63.84623050689697,67.70833333333333,19.740259740259738,9.65266106442577,12.201837928153719,41.6400514401026,"Volatility_30, Trend_MA50, Return_10d",45.8,Below Average
PNN.L,450.0,0.0044642857142858094,0.014105307901040452,67.22494959831238,61.45833333333333,55.62897265336291,24.462033462033457,28.200206924111022,47.98993992324591,"Volatility_30, Momentum_20, Trend_MA50",57.3,Neutral
QQ.L,486.3999938964844,-0.005723667703756874,0.01383772005013925,53.46962809562683,56.041666666666664,39.426651609260304,35.491588870899214,36.25942821350534,55.125281887723176,"Volatility_30, Trend_MA50, Momentum_20",47.9,Below Average
RS1.L,760.5,0.004623513870541718,0.013025298633165252,57.3081910610199,58.75,20.808300395256914,22.54901960784314,20.373329659732747,56.75675675675676,"Trend_MA50, Momentum_20, Volume_MA_Ratio",42.9,Below Average
SAFE.L,534.9918212890625,0.024888546530771105,0.012998616485511491,35.692036151885986,64.375,41.15413533834587,18.733121785753365,21.981506257840046,40.12114991329773,"RSI_14, Volatility_30, Return_5d",40.7,Below Average
SCT.L,1811.0,0.012297372833985465,0.023082024298688962,75.72676539421082,51.875,21.396690808455514,30.586840269704716,22.30492657397256,43.26923076923077,"Volatility_30, Trend_MA50, RSI_14",49.4,Below Average
SDY.L,15.883999824523926,0.10000001981317896,0.026692109547437372,55.131345987319946,63.125,28.628246753246753,21.861592975048787,22.79231022587411,45.59099055294536,"Volatility_30, Trend_MA50, RSI_14",45.3,Below Average
SHC.L,138.60000610351562,0.008733713685135536,0.01269904538223447,50.128138065338135,60.208333333333336,46.61381228834058,26.594493320299772,25.189052082669104,38.11662905572122,"Trend_MA50, Z_Score_20, RSI_14",52.5,Neutral
SSPG.L,188.8000030517578,0.013419216097948494,0.014022714950479668,52.18406915664673,58.75,36.99713958810069,24.063733181191463,28.82018171127358,46.04905595109207,"Volatility_30, Return_5d, Trend_MA50",46.2,Below Average
STB.L,1570.0,0.01029601029601035,0.014594092699011295,26.176756620407104,53.95833333333333,47.759103641456576,10.516667511232729,16.890287132222618,62.5,"Trend_MA50, Volatility_30, Momentum_20",30.7,Below Average
TATE.L,558.5,-0.0008944543828264262,0.0011876668656278266,37.91602551937103,66.25,44.27339901477832,29.677372177372177,27.36332400752886,63.63636363636363,"Trend_MA50, Volatility_30, Z_Score_20",38.6,Below Average
TEP.L,801.0,-0.006203473945409432,0.02142681186438112,63.112449645996094,69.16666666666667,51.23015873015872,21.30172656424391,26.075038148491295,45.78313253012048,"Momentum_20, Trend_MA50, Volatility_30",55.8,Neutral
TRN.L,194.8000030517578,0.0025733401551559787,0.03883958496287918,39.490047097206116,59.58333333333333,32.60531914893617,28.13561856158205,28.21799238629533,56.01318238778694,"Return_10d, Momentum_20, RSI_14",40.1,Below Average
VTY.L,285.2880859375,0.10149840130308885,0.043789502099353436,54.012101888656616,62.91666666666667,43.779983457402814,22.86258633007859,29.409378524593297,55.219201673793094,"Momentum_20, Volatility_30, Trend_MA50",49.5,Below Average
WIZZ.L,1052.093017578125,-0.0027554335752369985,0.02343683564179643,60.89051365852356,58.958333333333336,39.54761485653934,26.957093588672535,31.68302387267904,49.85999338219056,"Volatility_30, Momentum_20, Trend_MA50",50.8,Neutral
WKP.L,360.0,0.008403361344537785,0.017250225425615422,56.75370693206787,66.66666666666666,48.02933805100987,25.52127506360916,30.417376370005837,43.72093732966933,"Volatility_30, Momentum_20, Return_10d",52.6,Neutral
XPS.L,301.0,0.015177065767284947,0.012132387735677238,55.05743622779846,62.91666666666667,25.368448982579416,23.885103624234063,23.67765631816924,36.25000000000001,"Trend_MA50, Volatility_30, Momentum_20",49.5,Below Average
RCP.L,2519.431640625,0.0017620837475149642,0.00841389657069314,15.593807399272919,73.33333333333333,19.107142857142854,6.619047619047619,8.722442373165151,58.45785609000798,"Trend_MA50, Volatility_30, Volume_MA_Ratio",27.0,Below Average
INVP.L,617.0,0.0008110300081103361,0.015312214887405414,59.55137610435486,59.16666666666667,38.2382510741557,32.830907830907826,31.070660841827884,20.18348623853211,"Momentum_20, Volatility_30, RSI_14",59.9,Neutral
PCIP.L,74.0,0.020689655172413834,0.025114822950419592,29.75822389125824,67.77777777777779,39.957264957264954,13.0265863169089,18.918418839360807,72.97297297297297,"Trend_MA50, Momentum_20, Z_Score_20",28.3,Below Average
BOY.L,917.5,-0.03063919704173268,0.011201150128702923,40.61610400676727,59.166666666666664,43.26644370122631,19.365987083092342,26.078329946013906,32.515337423312886,"Trend_MA50, Volatility_30, Return_5d",47.8,Below Average
BMY.L,625.0,0.008064516129032251,0.01243059292448973,55.29060959815979,62.083333333333336,34.447316882099486,28.703446609302155,27.709418993544375,55.223880597014926,"Volatility_30, Trend_MA50, Return_5d",47.3,Below Average
FOUR.L,4510.0,-0.0013286093888397188,0.01458987580166297,48.09800684452057,61.04166666666667,41.4128336989487,30.36089961931476,32.68317584446616,62.015503875968996,"Volatility_30, Return_5d, Trend_MA50",41.7,Below Average
GEN.L,300.6000061035156,0.13092558280195465,0.032092601364749444,49.359509348869324,61.04166666666667,41.32469454334049,45.09936757943486,42.160289664001226,70.02189319911827,"Volatility_30, Return_10d, Momentum_20",38.6,Below Average
HRI.L,2950.41796875,0.00014168432203387482,0.010764367845954149,54.53565716743469,61.68421052631578,39.13951105255453,29.072798359085446,32.56248925527058,56.51024953754389,"Volatility_30, Z_Score_20, Return_10d",48.8,Below Average
IHP.L,364.5,-0.002735978112175075,0.014087799653328006,48.14830720424652,58.958333333333336,22.35164835164835,13.725691208449831,15.840249975588321,40.8,"RSI_14, Trend_MA50, Return_5d",39.0,Below Average
KIE.L,316.3999938964844,0.023948200312247092,0.027574977871201622,51.72675848007202,52.91666666666667,44.54037691631676,32.31030020703933,33.22040336306328,83.97565712605522,"Trend_MA50, Volatility_30, Return_5d",37.4,Below Average
LIO.L,265.5,0.013358778625954137,0.018645184051729123,47.01935350894928,63.125,42.666666666666664,17.771377647538635,24.620649669848753,26.5625,"Trend_MA50, Volatility_30, Momentum_20",55.8,Neutral
MERC.L,28.148000717163086,0.005285739898681641,0.008665087173437105,42.99113750457764,65.1063829787234,21.692307692307693,16.799270904534062,18.557754902220225,65.82031268189874,"Trend_MA50, Momentum_20, RSI_14",33.4,Below Average
NCC.L,147.1999969482422,0.036619696818606995,0.020554287238932926,33.37484896183014,56.66666666666667,39.41421568627451,24.11830340838909,28.04124430326424,68.39081543348131,"Trend_MA50, Momentum_20, Z_Score_20",33.7,Below Average
PAY.L,636.0,0.006329113924050667,0.012777361156829052,37.63633966445923,53.125000000000014,34.739558614143334,31.743708022102844,29.317954160088213,73.75886524822695,"Z_Score_20, Momentum_20, RSI_14",28.8,Below Average
PSH.L,3666.0,-0.015045674368619033,0.011433193491378352,52.28116512298584,57.916666666666664,33.252443795922055,24.231884057971012,25.452683731993982,33.712121212121204,"Volatility_30, Trend_MA50, Return_10d",49.6,Below Average
QTX.L,225.0,0.0,0.019684308993832854,63.311767578125,54.19354838709677,32.449848604057884,25.770930594460005,25.90592109670572,56.25,"RSI_14, Momentum_20, Return_10d",48.2,Below Average
RCH.L,45.59400177001953,0.03387762692951468,0.01664162312913704,41.94231033325195,60.0,33.312399355877616,41.01503759398496,33.99703850040929,69.78404297372492,"Trend_MA50, Volatility_30, Return_10d",37.2,Below Average
ROR.L,485.79998779296875,0.00041182390226435217,0.0008845219584390455,20.847268402576447,68.95833333333333,47.106768679349315,53.89510006901311,49.259807517742225,68.00031739056129,"Trend_MA50, Momentum_20, Volatility_30",36.3,Below Average
TBCG.L,5420.0,0.015932521087160367,0.015072454992759707,25.75053572654724,59.375,49.320048309178745,28.966921236658077,33.76723276723277,65.625,"Trend_MA50, Return_10d, Return_5d",34.6,Below Average
TFIF.L,108.7396011352539,0.0012854757191003152,0.002569247839043661,3.6635614931583405,87.70833333333333,18.157894736842103,13.318903318903319,11.766899766899765,51.86653337685654,"Volatility_30, Momentum_20, Trend_MA50",25.3,Below Average
TPK.L,638.5,0.06683375104427736,0.02099307936786642,74.87010359764099,57.29166666666667,29.68013468013468,18.888433888433887,18.753291407827795,63.20754716981132,"Volatility_30, Momentum_20, Z_Score_20",46.6,Below Average
